  [1m[36mActiveRecord::SchemaMigration Load (1.9ms)[0m  [1m[34mSELECT "schema_migrations"."version" FROM "schema_migrations" ORDER BY "schema_migrations"."version" ASC /*application='SwapGoods'*/[0m
  [1m[36mActiveRecord::SchemaMigration Load (2.6ms)[0m  [1m[34mSELECT "schema_migrations"."version" FROM "schema_migrations" ORDER BY "schema_migrations"."version" ASC /*application='SwapGoods'*/[0m
  [1m[35m (1.1ms)[0m  [1m[34mSELECT pg_try_advisory_lock(2883267396278098725) /*application='SwapGoods'*/[0m
  [1m[36mActiveRecord::SchemaMigration Load (1.2ms)[0m  [1m[34mSELECT "schema_migrations"."version" FROM "schema_migrations" ORDER BY "schema_migrations"."version" ASC /*application='SwapGoods'*/[0m
  [1m[36mActiveRecord::InternalMetadata Load (3.7ms)[0m  [1m[34mSELECT * FROM "ar_internal_metadata" WHERE "ar_internal_metadata"."key" = 'environment' ORDER BY "ar_internal_metadata"."key" ASC LIMIT 1 /*application='SwapGoods'*/[0m
Migrating to CreateUsers (20251111082100)
  [1m[36mTRANSACTION (0.2ms)[0m  [1m[35mBEGIN /*application='SwapGoods'*/[0m
  [1m[35m (32.0ms)[0m  [1m[35mCREATE TABLE "users" ("id" bigserial primary key, "username" character varying, "email_address" character varying, "password_digest" character varying, "location" character varying, "created_at" timestamp(6) NOT NULL, "updated_at" timestamp(6) NOT NULL) /*application='SwapGoods'*/[0m
  [1m[36mActiveRecord::SchemaMigration Create (0.6ms)[0m  [1m[32mINSERT INTO "schema_migrations" ("version") VALUES ('20251111082100') RETURNING "version" /*application='SwapGoods'*/[0m
  [1m[36mTRANSACTION (3.1ms)[0m  [1m[35mCOMMIT /*application='SwapGoods'*/[0m
  [1m[35m (3.7ms)[0m  [1m[34mSELECT pg_advisory_unlock(2883267396278098725) /*application='SwapGoods'*/[0m
  [1m[36mActiveRecord::SchemaMigration Load (0.4ms)[0m  [1m[34mSELECT "schema_migrations"."version" FROM "schema_migrations" ORDER BY "schema_migrations"."version" ASC /*application='SwapGoods'*/[0m
  [1m[36mActiveRecord::SchemaMigration Load (2.7ms)[0m  [1m[34mSELECT "schema_migrations"."version" FROM "schema_migrations" ORDER BY "schema_migrations"."version" ASC /*application='SwapGoods'*/[0m
  [1m[36mTRANSACTION (0.3ms)[0m  [1m[35mBEGIN /*application='SwapGoods'*/[0m
  [1m[36mUser Exists? (4.4ms)[0m  [1m[34mSELECT 1 AS one FROM "users" WHERE "users"."username" = 'maneer2004' LIMIT 1 /*application='SwapGoods'*/[0m
  [1m[36mUser Exists? (1.6ms)[0m  [1m[34mSELECT 1 AS one FROM "users" WHERE "users"."email_address" = 'manar@gmail.com' LIMIT 1 /*application='SwapGoods'*/[0m
  [1m[36mUser Create (4.7ms)[0m  [1m[32mINSERT INTO "users" ("username", "email_address", "password_digest", "location", "created_at", "updated_at") VALUES ('maneer2004', 'manar@gmail.com', '$2a$12$J8uYTZqZ4As59bKR0wx/2e8goIGHET7pXVvasf5B2.3ZtUS6Uxde2', 'gaza', '2025-11-11 12:16:24.618767', '2025-11-11 12:16:24.618767') RETURNING "id" /*application='SwapGoods'*/[0m
  [1m[36mTRANSACTION (2.6ms)[0m  [1m[35mCOMMIT /*application='SwapGoods'*/[0m
Started POST "/api/v1/signup" for 127.0.0.1 at 2025-11-11 14:42:50 +0200
  [1m[36mActiveRecord::SchemaMigration Load (2.1ms)[0m  [1m[34mSELECT "schema_migrations"."version" FROM "schema_migrations" ORDER BY "schema_migrations"."version" ASC /*application='SwapGoods'*/[0m
  
ActionController::RoutingError (No route matches [POST] "/api/v1/signup"):
  
Started POST "/api/v1/auth/signup" for 127.0.0.1 at 2025-11-11 14:56:44 +0200
  [1m[36mActiveRecord::SchemaMigration Load (3.1ms)[0m  [1m[34mSELECT "schema_migrations"."version" FROM "schema_migrations" ORDER BY "schema_migrations"."version" ASC /*application='SwapGoods'*/[0m
  
ActionController::RoutingError (No route matches [POST] "/api/v1/auth/signup"):
  
Started POST "/api/v1/auth/signup" for 127.0.0.1 at 2025-11-11 14:56:58 +0200
  
ActionController::RoutingError (No route matches [POST] "/api/v1/auth/signup"):
  
Started POST "/api/v1/auth/signup" for 127.0.0.1 at 2025-11-11 14:57:22 +0200
  
ActionController::RoutingError (uninitialized constant Api::V1::AuthController)
Caused by: ActionDispatch::MissingController (uninitialized constant Api::V1::AuthController)
Caused by: NameError (uninitialized constant Api::V1::AuthController)

Information for: ActionController::RoutingError (uninitialized constant Api::V1::AuthController):
  

Information for cause: ActionDispatch::MissingController (uninitialized constant Api::V1::AuthController):
  
actionpack (8.0.4) lib/action_dispatch/http/request.rb:102:in `rescue in controller_class_for'
actionpack (8.0.4) lib/action_dispatch/http/request.rb:98:in `controller_class_for'
actionpack (8.0.4) lib/action_dispatch/http/request.rb:91:in `controller_class'
actionpack (8.0.4) lib/action_dispatch/routing/route_set.rb:61:in `controller'
actionpack (8.0.4) lib/action_dispatch/routing/route_set.rb:48:in `serve'
actionpack (8.0.4) lib/action_dispatch/journey/router.rb:53:in `block in serve'
actionpack (8.0.4) lib/action_dispatch/journey/router.rb:133:in `block in find_routes'
actionpack (8.0.4) lib/action_dispatch/journey/router.rb:126:in `each'
actionpack (8.0.4) lib/action_dispatch/journey/router.rb:126:in `find_routes'
actionpack (8.0.4) lib/action_dispatch/journey/router.rb:34:in `serve'
actionpack (8.0.4) lib/action_dispatch/routing/route_set.rb:908:in `call'
railties (8.0.4) lib/rails/engine/lazy_route_set.rb:60:in `call'
rack (3.2.4) lib/rack/etag.rb:29:in `call'
rack (3.2.4) lib/rack/conditional_get.rb:44:in `call'
rack (3.2.4) lib/rack/head.rb:15:in `call'
activerecord (8.0.4) lib/active_record/migration.rb:670:in `call'
actionpack (8.0.4) lib/action_dispatch/middleware/callbacks.rb:31:in `block in call'
activesupport (8.0.4) lib/active_support/callbacks.rb:100:in `run_callbacks'
actionpack (8.0.4) lib/action_dispatch/middleware/callbacks.rb:30:in `call'
actionpack (8.0.4) lib/action_dispatch/middleware/executor.rb:16:in `call'
actionpack (8.0.4) lib/action_dispatch/middleware/actionable_exceptions.rb:18:in `call'
actionpack (8.0.4) lib/action_dispatch/middleware/debug_exceptions.rb:31:in `call'
actionpack (8.0.4) lib/action_dispatch/middleware/show_exceptions.rb:32:in `call'
railties (8.0.4) lib/rails/rack/logger.rb:41:in `call_app'
railties (8.0.4) lib/rails/rack/logger.rb:29:in `call'
actionpack (8.0.4) lib/action_dispatch/middleware/remote_ip.rb:96:in `call'
actionpack (8.0.4) lib/action_dispatch/middleware/request_id.rb:34:in `call'
rack (3.2.4) lib/rack/runtime.rb:24:in `call'
actionpack (8.0.4) lib/action_dispatch/middleware/server_timing.rb:61:in `block in call'
actionpack (8.0.4) lib/action_dispatch/middleware/server_timing.rb:26:in `collect_events'
actionpack (8.0.4) lib/action_dispatch/middleware/server_timing.rb:60:in `call'
actionpack (8.0.4) lib/action_dispatch/middleware/executor.rb:16:in `call'
actionpack (8.0.4) lib/action_dispatch/middleware/static.rb:27:in `call'
rack (3.2.4) lib/rack/sendfile.rb:131:in `call'
actionpack (8.0.4) lib/action_dispatch/middleware/host_authorization.rb:143:in `call'
railties (8.0.4) lib/rails/engine.rb:535:in `call'
puma (7.1.0) lib/puma/configuration.rb:300:in `call'
puma (7.1.0) lib/puma/request.rb:101:in `block in handle_request'
puma (7.1.0) lib/puma/thread_pool.rb:355:in `with_force_shutdown'
puma (7.1.0) lib/puma/request.rb:100:in `handle_request'
puma (7.1.0) lib/puma/server.rb:503:in `process_client'
puma (7.1.0) lib/puma/server.rb:262:in `block in run'
puma (7.1.0) lib/puma/thread_pool.rb:182:in `block in spawn_thread'

Information for cause: NameError (uninitialized constant Api::V1::AuthController):
  
activesupport (8.0.4) lib/active_support/inflector/methods.rb:290:in `constantize'
activesupport (8.0.4) lib/active_support/core_ext/string/inflections.rb:74:in `constantize'
actionpack (8.0.4) lib/action_dispatch/http/request.rb:99:in `controller_class_for'
actionpack (8.0.4) lib/action_dispatch/http/request.rb:91:in `controller_class'
actionpack (8.0.4) lib/action_dispatch/routing/route_set.rb:61:in `controller'
actionpack (8.0.4) lib/action_dispatch/routing/route_set.rb:48:in `serve'
actionpack (8.0.4) lib/action_dispatch/journey/router.rb:53:in `block in serve'
actionpack (8.0.4) lib/action_dispatch/journey/router.rb:133:in `block in find_routes'
actionpack (8.0.4) lib/action_dispatch/journey/router.rb:126:in `each'
actionpack (8.0.4) lib/action_dispatch/journey/router.rb:126:in `find_routes'
actionpack (8.0.4) lib/action_dispatch/journey/router.rb:34:in `serve'
actionpack (8.0.4) lib/action_dispatch/routing/route_set.rb:908:in `call'
railties (8.0.4) lib/rails/engine/lazy_route_set.rb:60:in `call'
rack (3.2.4) lib/rack/etag.rb:29:in `call'
rack (3.2.4) lib/rack/conditional_get.rb:44:in `call'
rack (3.2.4) lib/rack/head.rb:15:in `call'
activerecord (8.0.4) lib/active_record/migration.rb:670:in `call'
actionpack (8.0.4) lib/action_dispatch/middleware/callbacks.rb:31:in `block in call'
activesupport (8.0.4) lib/active_support/callbacks.rb:100:in `run_callbacks'
actionpack (8.0.4) lib/action_dispatch/middleware/callbacks.rb:30:in `call'
actionpack (8.0.4) lib/action_dispatch/middleware/executor.rb:16:in `call'
actionpack (8.0.4) lib/action_dispatch/middleware/actionable_exceptions.rb:18:in `call'
actionpack (8.0.4) lib/action_dispatch/middleware/debug_exceptions.rb:31:in `call'
actionpack (8.0.4) lib/action_dispatch/middleware/show_exceptions.rb:32:in `call'
railties (8.0.4) lib/rails/rack/logger.rb:41:in `call_app'
railties (8.0.4) lib/rails/rack/logger.rb:29:in `call'
actionpack (8.0.4) lib/action_dispatch/middleware/remote_ip.rb:96:in `call'
actionpack (8.0.4) lib/action_dispatch/middleware/request_id.rb:34:in `call'
rack (3.2.4) lib/rack/runtime.rb:24:in `call'
actionpack (8.0.4) lib/action_dispatch/middleware/server_timing.rb:61:in `block in call'
actionpack (8.0.4) lib/action_dispatch/middleware/server_timing.rb:26:in `collect_events'
actionpack (8.0.4) lib/action_dispatch/middleware/server_timing.rb:60:in `call'
actionpack (8.0.4) lib/action_dispatch/middleware/executor.rb:16:in `call'
actionpack (8.0.4) lib/action_dispatch/middleware/static.rb:27:in `call'
rack (3.2.4) lib/rack/sendfile.rb:131:in `call'
actionpack (8.0.4) lib/action_dispatch/middleware/host_authorization.rb:143:in `call'
railties (8.0.4) lib/rails/engine.rb:535:in `call'
puma (7.1.0) lib/puma/configuration.rb:300:in `call'
puma (7.1.0) lib/puma/request.rb:101:in `block in handle_request'
puma (7.1.0) lib/puma/thread_pool.rb:355:in `with_force_shutdown'
puma (7.1.0) lib/puma/request.rb:100:in `handle_request'
puma (7.1.0) lib/puma/server.rb:503:in `process_client'
puma (7.1.0) lib/puma/server.rb:262:in `block in run'
puma (7.1.0) lib/puma/thread_pool.rb:182:in `block in spawn_thread'
Started POST "/api/v1/auth/signup" for 127.0.0.1 at 2025-11-11 14:58:08 +0200
  
ActionController::RoutingError (uninitialized constant Api::V1::AuthController)
Caused by: ActionDispatch::MissingController (uninitialized constant Api::V1::AuthController)
Caused by: NameError (uninitialized constant Api::V1::AuthController)

Information for: ActionController::RoutingError (uninitialized constant Api::V1::AuthController):
  

Information for cause: ActionDispatch::MissingController (uninitialized constant Api::V1::AuthController):
  
actionpack (8.0.4) lib/action_dispatch/http/request.rb:102:in `rescue in controller_class_for'
actionpack (8.0.4) lib/action_dispatch/http/request.rb:98:in `controller_class_for'
actionpack (8.0.4) lib/action_dispatch/http/request.rb:91:in `controller_class'
actionpack (8.0.4) lib/action_dispatch/routing/route_set.rb:61:in `controller'
actionpack (8.0.4) lib/action_dispatch/routing/route_set.rb:48:in `serve'
actionpack (8.0.4) lib/action_dispatch/journey/router.rb:53:in `block in serve'
actionpack (8.0.4) lib/action_dispatch/journey/router.rb:133:in `block in find_routes'
actionpack (8.0.4) lib/action_dispatch/journey/router.rb:126:in `each'
actionpack (8.0.4) lib/action_dispatch/journey/router.rb:126:in `find_routes'
actionpack (8.0.4) lib/action_dispatch/journey/router.rb:34:in `serve'
actionpack (8.0.4) lib/action_dispatch/routing/route_set.rb:908:in `call'
railties (8.0.4) lib/rails/engine/lazy_route_set.rb:60:in `call'
rack (3.2.4) lib/rack/etag.rb:29:in `call'
rack (3.2.4) lib/rack/conditional_get.rb:44:in `call'
rack (3.2.4) lib/rack/head.rb:15:in `call'
activerecord (8.0.4) lib/active_record/migration.rb:670:in `call'
actionpack (8.0.4) lib/action_dispatch/middleware/callbacks.rb:31:in `block in call'
activesupport (8.0.4) lib/active_support/callbacks.rb:100:in `run_callbacks'
actionpack (8.0.4) lib/action_dispatch/middleware/callbacks.rb:30:in `call'
actionpack (8.0.4) lib/action_dispatch/middleware/executor.rb:16:in `call'
actionpack (8.0.4) lib/action_dispatch/middleware/actionable_exceptions.rb:18:in `call'
actionpack (8.0.4) lib/action_dispatch/middleware/debug_exceptions.rb:31:in `call'
actionpack (8.0.4) lib/action_dispatch/middleware/show_exceptions.rb:32:in `call'
railties (8.0.4) lib/rails/rack/logger.rb:41:in `call_app'
railties (8.0.4) lib/rails/rack/logger.rb:29:in `call'
actionpack (8.0.4) lib/action_dispatch/middleware/remote_ip.rb:96:in `call'
actionpack (8.0.4) lib/action_dispatch/middleware/request_id.rb:34:in `call'
rack (3.2.4) lib/rack/runtime.rb:24:in `call'
actionpack (8.0.4) lib/action_dispatch/middleware/server_timing.rb:61:in `block in call'
actionpack (8.0.4) lib/action_dispatch/middleware/server_timing.rb:26:in `collect_events'
actionpack (8.0.4) lib/action_dispatch/middleware/server_timing.rb:60:in `call'
actionpack (8.0.4) lib/action_dispatch/middleware/executor.rb:16:in `call'
actionpack (8.0.4) lib/action_dispatch/middleware/static.rb:27:in `call'
rack (3.2.4) lib/rack/sendfile.rb:131:in `call'
actionpack (8.0.4) lib/action_dispatch/middleware/host_authorization.rb:143:in `call'
railties (8.0.4) lib/rails/engine.rb:535:in `call'
puma (7.1.0) lib/puma/configuration.rb:300:in `call'
puma (7.1.0) lib/puma/request.rb:101:in `block in handle_request'
puma (7.1.0) lib/puma/thread_pool.rb:355:in `with_force_shutdown'
puma (7.1.0) lib/puma/request.rb:100:in `handle_request'
puma (7.1.0) lib/puma/server.rb:503:in `process_client'
puma (7.1.0) lib/puma/server.rb:262:in `block in run'
puma (7.1.0) lib/puma/thread_pool.rb:182:in `block in spawn_thread'

Information for cause: NameError (uninitialized constant Api::V1::AuthController):
  
activesupport (8.0.4) lib/active_support/inflector/methods.rb:290:in `constantize'
activesupport (8.0.4) lib/active_support/core_ext/string/inflections.rb:74:in `constantize'
actionpack (8.0.4) lib/action_dispatch/http/request.rb:99:in `controller_class_for'
actionpack (8.0.4) lib/action_dispatch/http/request.rb:91:in `controller_class'
actionpack (8.0.4) lib/action_dispatch/routing/route_set.rb:61:in `controller'
actionpack (8.0.4) lib/action_dispatch/routing/route_set.rb:48:in `serve'
actionpack (8.0.4) lib/action_dispatch/journey/router.rb:53:in `block in serve'
actionpack (8.0.4) lib/action_dispatch/journey/router.rb:133:in `block in find_routes'
actionpack (8.0.4) lib/action_dispatch/journey/router.rb:126:in `each'
actionpack (8.0.4) lib/action_dispatch/journey/router.rb:126:in `find_routes'
actionpack (8.0.4) lib/action_dispatch/journey/router.rb:34:in `serve'
actionpack (8.0.4) lib/action_dispatch/routing/route_set.rb:908:in `call'
railties (8.0.4) lib/rails/engine/lazy_route_set.rb:60:in `call'
rack (3.2.4) lib/rack/etag.rb:29:in `call'
rack (3.2.4) lib/rack/conditional_get.rb:44:in `call'
rack (3.2.4) lib/rack/head.rb:15:in `call'
activerecord (8.0.4) lib/active_record/migration.rb:670:in `call'
actionpack (8.0.4) lib/action_dispatch/middleware/callbacks.rb:31:in `block in call'
activesupport (8.0.4) lib/active_support/callbacks.rb:100:in `run_callbacks'
actionpack (8.0.4) lib/action_dispatch/middleware/callbacks.rb:30:in `call'
actionpack (8.0.4) lib/action_dispatch/middleware/executor.rb:16:in `call'
actionpack (8.0.4) lib/action_dispatch/middleware/actionable_exceptions.rb:18:in `call'
actionpack (8.0.4) lib/action_dispatch/middleware/debug_exceptions.rb:31:in `call'
actionpack (8.0.4) lib/action_dispatch/middleware/show_exceptions.rb:32:in `call'
railties (8.0.4) lib/rails/rack/logger.rb:41:in `call_app'
railties (8.0.4) lib/rails/rack/logger.rb:29:in `call'
actionpack (8.0.4) lib/action_dispatch/middleware/remote_ip.rb:96:in `call'
actionpack (8.0.4) lib/action_dispatch/middleware/request_id.rb:34:in `call'
rack (3.2.4) lib/rack/runtime.rb:24:in `call'
actionpack (8.0.4) lib/action_dispatch/middleware/server_timing.rb:61:in `block in call'
actionpack (8.0.4) lib/action_dispatch/middleware/server_timing.rb:26:in `collect_events'
actionpack (8.0.4) lib/action_dispatch/middleware/server_timing.rb:60:in `call'
actionpack (8.0.4) lib/action_dispatch/middleware/executor.rb:16:in `call'
actionpack (8.0.4) lib/action_dispatch/middleware/static.rb:27:in `call'
rack (3.2.4) lib/rack/sendfile.rb:131:in `call'
actionpack (8.0.4) lib/action_dispatch/middleware/host_authorization.rb:143:in `call'
railties (8.0.4) lib/rails/engine.rb:535:in `call'
puma (7.1.0) lib/puma/configuration.rb:300:in `call'
puma (7.1.0) lib/puma/request.rb:101:in `block in handle_request'
puma (7.1.0) lib/puma/thread_pool.rb:355:in `with_force_shutdown'
puma (7.1.0) lib/puma/request.rb:100:in `handle_request'
puma (7.1.0) lib/puma/server.rb:503:in `process_client'
puma (7.1.0) lib/puma/server.rb:262:in `block in run'
puma (7.1.0) lib/puma/thread_pool.rb:182:in `block in spawn_thread'
Started POST "/api/v1/auth/signup" for 127.0.0.1 at 2025-11-11 14:58:31 +0200
  [1m[36mActiveRecord::SchemaMigration Load (3.3ms)[0m  [1m[34mSELECT "schema_migrations"."version" FROM "schema_migrations" ORDER BY "schema_migrations"."version" ASC /*application='SwapGoods'*/[0m
Processing by Api::V1::AuthController#sign_up as */*
  Parameters: {"user"=>{"email_address"=>"[FILTERED]", "username"=>"manar2003", "location"=>"Gaza", "password"=>"[FILTERED]", "password_confirmation"=>"[FILTERED]"}, "auth"=>{"user"=>{"email_address"=>"[FILTERED]", "username"=>"manar2003", "location"=>"Gaza", "password"=>"[FILTERED]", "password_confirmation"=>"[FILTERED]"}}}
Completed 404 Not Found in 1ms (ActiveRecord: 0.0ms (0 queries, 0 cached) | GC: 0.0ms)


  
AbstractController::ActionNotFound (The create action could not be found for the :authenticate_user
callback on Api::V1::AuthController, but it is listed in the controller's
:only option.

Raising for missing callback actions is a new default in Rails 7.1, if you'd
like to turn this off you can delete the option from the environment configurations
or set `config.action_controller.raise_on_missing_callback_actions` to `false`.
):
  
actionpack (8.0.4) lib/abstract_controller/callbacks.rb:62:in `match?'
activesupport (8.0.4) lib/active_support/callbacks.rb:390:in `block in inverted_lambda'
activesupport (8.0.4) lib/active_support/callbacks.rb:177:in `block in call'
activesupport (8.0.4) lib/active_support/callbacks.rb:177:in `all?'
activesupport (8.0.4) lib/active_support/callbacks.rb:177:in `call'
activesupport (8.0.4) lib/active_support/callbacks.rb:559:in `block in invoke_before'
activesupport (8.0.4) lib/active_support/callbacks.rb:559:in `each'
activesupport (8.0.4) lib/active_support/callbacks.rb:559:in `invoke_before'
activesupport (8.0.4) lib/active_support/callbacks.rb:108:in `run_callbacks'
actionpack (8.0.4) lib/abstract_controller/callbacks.rb:260:in `process_action'
actionpack (8.0.4) lib/action_controller/metal/rescue.rb:27:in `process_action'
actionpack (8.0.4) lib/action_controller/metal/instrumentation.rb:76:in `block in process_action'
activesupport (8.0.4) lib/active_support/notifications.rb:210:in `block in instrument'
activesupport (8.0.4) lib/active_support/notifications/instrumenter.rb:58:in `instrument'
activesupport (8.0.4) lib/active_support/notifications.rb:210:in `instrument'
actionpack (8.0.4) lib/action_controller/metal/instrumentation.rb:75:in `process_action'
actionpack (8.0.4) lib/action_controller/metal/params_wrapper.rb:259:in `process_action'
activerecord (8.0.4) lib/active_record/railties/controller_runtime.rb:39:in `process_action'
actionpack (8.0.4) lib/abstract_controller/base.rb:152:in `process'
actionpack (8.0.4) lib/action_controller/metal.rb:252:in `dispatch'
actionpack (8.0.4) lib/action_controller/metal.rb:335:in `dispatch'
actionpack (8.0.4) lib/action_dispatch/routing/route_set.rb:67:in `dispatch'
actionpack (8.0.4) lib/action_dispatch/routing/route_set.rb:50:in `serve'
actionpack (8.0.4) lib/action_dispatch/journey/router.rb:53:in `block in serve'
actionpack (8.0.4) lib/action_dispatch/journey/router.rb:133:in `block in find_routes'
actionpack (8.0.4) lib/action_dispatch/journey/router.rb:126:in `each'
actionpack (8.0.4) lib/action_dispatch/journey/router.rb:126:in `find_routes'
actionpack (8.0.4) lib/action_dispatch/journey/router.rb:34:in `serve'
actionpack (8.0.4) lib/action_dispatch/routing/route_set.rb:908:in `call'
railties (8.0.4) lib/rails/engine/lazy_route_set.rb:60:in `call'
rack (3.2.4) lib/rack/etag.rb:29:in `call'
rack (3.2.4) lib/rack/conditional_get.rb:44:in `call'
rack (3.2.4) lib/rack/head.rb:15:in `call'
activerecord (8.0.4) lib/active_record/migration.rb:670:in `call'
actionpack (8.0.4) lib/action_dispatch/middleware/callbacks.rb:31:in `block in call'
activesupport (8.0.4) lib/active_support/callbacks.rb:100:in `run_callbacks'
actionpack (8.0.4) lib/action_dispatch/middleware/callbacks.rb:30:in `call'
actionpack (8.0.4) lib/action_dispatch/middleware/executor.rb:16:in `call'
actionpack (8.0.4) lib/action_dispatch/middleware/actionable_exceptions.rb:18:in `call'
actionpack (8.0.4) lib/action_dispatch/middleware/debug_exceptions.rb:31:in `call'
actionpack (8.0.4) lib/action_dispatch/middleware/show_exceptions.rb:32:in `call'
railties (8.0.4) lib/rails/rack/logger.rb:41:in `call_app'
railties (8.0.4) lib/rails/rack/logger.rb:29:in `call'
actionpack (8.0.4) lib/action_dispatch/middleware/remote_ip.rb:96:in `call'
actionpack (8.0.4) lib/action_dispatch/middleware/request_id.rb:34:in `call'
rack (3.2.4) lib/rack/runtime.rb:24:in `call'
actionpack (8.0.4) lib/action_dispatch/middleware/server_timing.rb:61:in `block in call'
actionpack (8.0.4) lib/action_dispatch/middleware/server_timing.rb:26:in `collect_events'
actionpack (8.0.4) lib/action_dispatch/middleware/server_timing.rb:60:in `call'
actionpack (8.0.4) lib/action_dispatch/middleware/executor.rb:16:in `call'
actionpack (8.0.4) lib/action_dispatch/middleware/static.rb:27:in `call'
rack (3.2.4) lib/rack/sendfile.rb:131:in `call'
actionpack (8.0.4) lib/action_dispatch/middleware/host_authorization.rb:143:in `call'
railties (8.0.4) lib/rails/engine.rb:535:in `call'
puma (7.1.0) lib/puma/configuration.rb:300:in `call'
puma (7.1.0) lib/puma/request.rb:101:in `block in handle_request'
puma (7.1.0) lib/puma/thread_pool.rb:355:in `with_force_shutdown'
puma (7.1.0) lib/puma/request.rb:100:in `handle_request'
puma (7.1.0) lib/puma/server.rb:503:in `process_client'
puma (7.1.0) lib/puma/server.rb:262:in `block in run'
puma (7.1.0) lib/puma/thread_pool.rb:182:in `block in spawn_thread'
Started POST "/api/v1/auth/signup" for 127.0.0.1 at 2025-11-11 14:59:20 +0200
  [1m[36mActiveRecord::SchemaMigration Load (4.3ms)[0m  [1m[34mSELECT "schema_migrations"."version" FROM "schema_migrations" ORDER BY "schema_migrations"."version" ASC /*application='SwapGoods'*/[0m
Processing by Api::V1::AuthController#sign_up as */*
  Parameters: {"user"=>{"email_address"=>"[FILTERED]", "username"=>"manar2003", "location"=>"Gaza", "password"=>"[FILTERED]", "password_confirmation"=>"[FILTERED]"}, "auth"=>{"user"=>{"email_address"=>"[FILTERED]", "username"=>"manar2003", "location"=>"Gaza", "password"=>"[FILTERED]", "password_confirmation"=>"[FILTERED]"}}}
  [1m[36mTRANSACTION (5.2ms)[0m  [1m[35mBEGIN /*action='sign_up',application='SwapGoods',controller='auth'*/[0m
  ↳ app/controllers/api/v1/auth_controller.rb:8:in `sign_up'
  [1m[36mUser Exists? (10.4ms)[0m  [1m[34mSELECT 1 AS one FROM "users" WHERE "users"."username" = 'manar2003' LIMIT 1 /*action='sign_up',application='SwapGoods',controller='auth'*/[0m
  ↳ app/controllers/api/v1/auth_controller.rb:8:in `sign_up'
  [1m[36mUser Exists? (4.0ms)[0m  [1m[34mSELECT 1 AS one FROM "users" WHERE "users"."email_address" = 'maneer200@gmail.com' LIMIT 1 /*action='sign_up',application='SwapGoods',controller='auth'*/[0m
  ↳ app/controllers/api/v1/auth_controller.rb:8:in `sign_up'
  [1m[36mUser Create (6.7ms)[0m  [1m[32mINSERT INTO "users" ("username", "email_address", "password_digest", "location", "created_at", "updated_at") VALUES ('manar2003', 'maneer200@gmail.com', '$2a$12$CTrNuajCjgcYeh54SlFf8.NBIRYkchT8twZmV3ReSWlBz23Ip2BNW', 'Gaza', '2025-11-11 12:59:23.462196', '2025-11-11 12:59:23.462196') RETURNING "id" /*action='sign_up',application='SwapGoods',controller='auth'*/[0m
  ↳ app/controllers/api/v1/auth_controller.rb:8:in `sign_up'
  [1m[36mTRANSACTION (6.3ms)[0m  [1m[35mCOMMIT /*action='sign_up',application='SwapGoods',controller='auth'*/[0m
  ↳ app/controllers/api/v1/auth_controller.rb:8:in `sign_up'
Completed 201 Created in 1690ms (Views: 0.5ms | ActiveRecord: 90.7ms (3 queries, 0 cached) | GC: 6.5ms)


  [1m[36mActiveRecord::SchemaMigration Load (4.3ms)[0m  [1m[34mSELECT "schema_migrations"."version" FROM "schema_migrations" ORDER BY "schema_migrations"."version" ASC /*application='SwapGoods'*/[0m
Started POST "/api/v1/auth/signup" for 127.0.0.1 at 2025-11-11 15:11:33 +0200
  [1m[36mActiveRecord::SchemaMigration Load (1.4ms)[0m  [1m[34mSELECT "schema_migrations"."version" FROM "schema_migrations" ORDER BY "schema_migrations"."version" ASC /*application='SwapGoods'*/[0m
Processing by Api::V1::AuthController#sign_up as */*
  Parameters: {"user"=>{"email_address"=>"[FILTERED]", "username"=>"man33ar2003", "location"=>"Gaza", "password"=>"[FILTERED]", "password_confirmation"=>"[FILTERED]"}, "auth"=>{"user"=>{"email_address"=>"[FILTERED]", "username"=>"man33ar2003", "location"=>"Gaza", "password"=>"[FILTERED]", "password_confirmation"=>"[FILTERED]"}}}
  [1m[36mTRANSACTION (0.5ms)[0m  [1m[35mBEGIN /*action='sign_up',application='SwapGoods',controller='auth'*/[0m
  ↳ app/controllers/api/v1/auth_controller.rb:8:in `sign_up'
  [1m[36mUser Exists? (14.1ms)[0m  [1m[34mSELECT 1 AS one FROM "users" WHERE "users"."username" = 'man33ar2003' LIMIT 1 /*action='sign_up',application='SwapGoods',controller='auth'*/[0m
  ↳ app/controllers/api/v1/auth_controller.rb:8:in `sign_up'
  [1m[36mUser Exists? (2.6ms)[0m  [1m[34mSELECT 1 AS one FROM "users" WHERE "users"."email_address" = 'manee33r20033@gmail.com' LIMIT 1 /*action='sign_up',application='SwapGoods',controller='auth'*/[0m
  ↳ app/controllers/api/v1/auth_controller.rb:8:in `sign_up'
  [1m[36mUser Create (3.0ms)[0m  [1m[32mINSERT INTO "users" ("username", "email_address", "password_digest", "location", "created_at", "updated_at") VALUES ('man33ar2003', 'manee33r20033@gmail.com', '$2a$12$saImwWNUzoDtIm.azMvFUOiFScKd38PzQ9huQrYgWZ8GXHB4lotwi', 'Gaza', '2025-11-11 13:11:34.688698', '2025-11-11 13:11:34.688698') RETURNING "id" /*action='sign_up',application='SwapGoods',controller='auth'*/[0m
  ↳ app/controllers/api/v1/auth_controller.rb:8:in `sign_up'
  [1m[36mTRANSACTION (3.2ms)[0m  [1m[35mCOMMIT /*action='sign_up',application='SwapGoods',controller='auth'*/[0m
  ↳ app/controllers/api/v1/auth_controller.rb:8:in `sign_up'
Completed 201 Created in 801ms (Views: 2.0ms | ActiveRecord: 70.1ms (3 queries, 0 cached) | GC: 6.0ms)


Started POST "/api/v1/auth/signup" for 127.0.0.1 at 2025-11-11 15:11:48 +0200
Processing by Api::V1::AuthController#sign_up as */*
  Parameters: {"user"=>{"email_address"=>"[FILTERED]", "username"=>"man33ar2003", "location"=>"Gaza", "password"=>"[FILTERED]", "password_confirmation"=>"[FILTERED]"}, "auth"=>{"user"=>{"email_address"=>"[FILTERED]", "username"=>"man33ar2003", "location"=>"Gaza", "password"=>"[FILTERED]", "password_confirmation"=>"[FILTERED]"}}}
  [1m[36mTRANSACTION (0.3ms)[0m  [1m[35mBEGIN /*action='sign_up',application='SwapGoods',controller='auth'*/[0m
  ↳ app/controllers/api/v1/auth_controller.rb:8:in `sign_up'
  [1m[36mUser Exists? (7.8ms)[0m  [1m[34mSELECT 1 AS one FROM "users" WHERE "users"."username" = 'man33ar2003' LIMIT 1 /*action='sign_up',application='SwapGoods',controller='auth'*/[0m
  ↳ app/controllers/api/v1/auth_controller.rb:8:in `sign_up'
  [1m[36mUser Exists? (0.5ms)[0m  [1m[34mSELECT 1 AS one FROM "users" WHERE "users"."email_address" = 'manee33r20033mail.com' LIMIT 1 /*action='sign_up',application='SwapGoods',controller='auth'*/[0m
  ↳ app/controllers/api/v1/auth_controller.rb:8:in `sign_up'
  [1m[36mTRANSACTION (0.3ms)[0m  [1m[31mROLLBACK /*action='sign_up',application='SwapGoods',controller='auth'*/[0m
  ↳ app/controllers/api/v1/auth_controller.rb:8:in `sign_up'
Completed 422 Unprocessable Content in 601ms (Views: 0.6ms | ActiveRecord: 8.8ms (2 queries, 0 cached) | GC: 0.6ms)


Started POST "/api/v1/auth/signup" for 127.0.0.1 at 2025-11-11 17:46:15 +0200
  [1m[36mActiveRecord::SchemaMigration Load (7.7ms)[0m  [1m[34mSELECT "schema_migrations"."version" FROM "schema_migrations" ORDER BY "schema_migrations"."version" ASC /*application='SwapGoods'*/[0m
Processing by Api::V1::AuthController#sign_up as */*
  Parameters: {"user"=>{"email_address"=>"[FILTERED]", "username"=>"salma21", "location"=>"Gaza", "password"=>"[FILTERED]", "password_confirmation"=>"[FILTERED]"}, "auth"=>{"user"=>{"email_address"=>"[FILTERED]", "username"=>"salma21", "location"=>"Gaza", "password"=>"[FILTERED]", "password_confirmation"=>"[FILTERED]"}}}
  [1m[36mTRANSACTION (2.2ms)[0m  [1m[35mBEGIN /*action='sign_up',application='SwapGoods',controller='auth'*/[0m
  ↳ app/controllers/api/v1/auth_controller.rb:11:in `sign_up'
  [1m[36mUser Exists? (13.2ms)[0m  [1m[34mSELECT 1 AS one FROM "users" WHERE "users"."username" = 'salma21' LIMIT 1 /*action='sign_up',application='SwapGoods',controller='auth'*/[0m
  ↳ app/controllers/api/v1/auth_controller.rb:11:in `sign_up'
  [1m[36mUser Exists? (11.4ms)[0m  [1m[34mSELECT 1 AS one FROM "users" WHERE "users"."email_address" = 'salma@gmail.com' LIMIT 1 /*action='sign_up',application='SwapGoods',controller='auth'*/[0m
  ↳ app/controllers/api/v1/auth_controller.rb:11:in `sign_up'
  [1m[36mUser Create (3.6ms)[0m  [1m[32mINSERT INTO "users" ("username", "email_address", "password_digest", "location", "created_at", "updated_at") VALUES ('salma21', 'salma@gmail.com', '$2a$12$vpzopTW.6qPA03y4fbF7mer.PKW6LHgHzE6t3h56AKSId29eOOhGa', 'Gaza', '2025-11-11 15:46:18.252234', '2025-11-11 15:46:18.252234') RETURNING "id" /*action='sign_up',application='SwapGoods',controller='auth'*/[0m
  ↳ app/controllers/api/v1/auth_controller.rb:11:in `sign_up'
  [1m[36mTRANSACTION (2.2ms)[0m  [1m[35mCOMMIT /*action='sign_up',application='SwapGoods',controller='auth'*/[0m
  ↳ app/controllers/api/v1/auth_controller.rb:11:in `sign_up'
Completed 500 Internal Server Error in 1479ms (ActiveRecord: 95.3ms (3 queries, 0 cached) | GC: 6.0ms)


  
NoMethodError (undefined method `encode' for JsonWebToken:Class):
  
app/controllers/api/v1/auth_controller.rb:12:in `sign_up'
Started POST "/api/v1/auth/signup" for 127.0.0.1 at 2025-11-11 17:47:16 +0200
  [1m[36mActiveRecord::SchemaMigration Load (2.6ms)[0m  [1m[34mSELECT "schema_migrations"."version" FROM "schema_migrations" ORDER BY "schema_migrations"."version" ASC /*application='SwapGoods'*/[0m
Processing by Api::V1::AuthController#sign_up as */*
  Parameters: {"user"=>{"email_address"=>"[FILTERED]", "username"=>"salma21", "location"=>"Gaza", "password"=>"[FILTERED]", "password_confirmation"=>"[FILTERED]"}, "auth"=>{"user"=>{"email_address"=>"[FILTERED]", "username"=>"salma21", "location"=>"Gaza", "password"=>"[FILTERED]", "password_confirmation"=>"[FILTERED]"}}}
  [1m[36mTRANSACTION (2.7ms)[0m  [1m[35mBEGIN /*action='sign_up',application='SwapGoods',controller='auth'*/[0m
  ↳ app/controllers/api/v1/auth_controller.rb:11:in `sign_up'
  [1m[36mUser Exists? (19.9ms)[0m  [1m[34mSELECT 1 AS one FROM "users" WHERE "users"."username" = 'salma21' LIMIT 1 /*action='sign_up',application='SwapGoods',controller='auth'*/[0m
  ↳ app/controllers/api/v1/auth_controller.rb:11:in `sign_up'
  [1m[36mUser Exists? (7.5ms)[0m  [1m[34mSELECT 1 AS one FROM "users" WHERE "users"."email_address" = 'salma@gmail.com' LIMIT 1 /*action='sign_up',application='SwapGoods',controller='auth'*/[0m
  ↳ app/controllers/api/v1/auth_controller.rb:11:in `sign_up'
  [1m[36mTRANSACTION (9.8ms)[0m  [1m[31mROLLBACK /*action='sign_up',application='SwapGoods',controller='auth'*/[0m
  ↳ app/controllers/api/v1/auth_controller.rb:11:in `sign_up'
Completed 422 Unprocessable Content in 1298ms (Views: 2.5ms | ActiveRecord: 83.6ms (2 queries, 0 cached) | GC: 5.2ms)


Started POST "/api/v1/auth/signup" for 127.0.0.1 at 2025-11-11 17:47:36 +0200
Processing by Api::V1::AuthController#sign_up as */*
  Parameters: {"user"=>{"email_address"=>"[FILTERED]", "username"=>"salma20", "location"=>"Gaza", "password"=>"[FILTERED]", "password_confirmation"=>"[FILTERED]"}, "auth"=>{"user"=>{"email_address"=>"[FILTERED]", "username"=>"salma20", "location"=>"Gaza", "password"=>"[FILTERED]", "password_confirmation"=>"[FILTERED]"}}}
  [1m[36mTRANSACTION (1.7ms)[0m  [1m[35mBEGIN /*action='sign_up',application='SwapGoods',controller='auth'*/[0m
  ↳ app/controllers/api/v1/auth_controller.rb:11:in `sign_up'
  [1m[36mUser Exists? (15.7ms)[0m  [1m[34mSELECT 1 AS one FROM "users" WHERE "users"."username" = 'salma20' LIMIT 1 /*action='sign_up',application='SwapGoods',controller='auth'*/[0m
  ↳ app/controllers/api/v1/auth_controller.rb:11:in `sign_up'
  [1m[36mUser Exists? (2.5ms)[0m  [1m[34mSELECT 1 AS one FROM "users" WHERE "users"."email_address" = 'salma21@gmail.com' LIMIT 1 /*action='sign_up',application='SwapGoods',controller='auth'*/[0m
  ↳ app/controllers/api/v1/auth_controller.rb:11:in `sign_up'
  [1m[36mUser Create (7.5ms)[0m  [1m[32mINSERT INTO "users" ("username", "email_address", "password_digest", "location", "created_at", "updated_at") VALUES ('salma20', 'salma21@gmail.com', '$2a$12$Clb9QFZNwxBn2qXmJ6LPjORlRXawR0GPq/IUxj/WHfrzUvyld9UmC', 'Gaza', '2025-11-11 15:47:37.061496', '2025-11-11 15:47:37.061496') RETURNING "id" /*action='sign_up',application='SwapGoods',controller='auth'*/[0m
  ↳ app/controllers/api/v1/auth_controller.rb:11:in `sign_up'
  [1m[36mTRANSACTION (13.2ms)[0m  [1m[35mCOMMIT /*action='sign_up',application='SwapGoods',controller='auth'*/[0m
  ↳ app/controllers/api/v1/auth_controller.rb:11:in `sign_up'
Completed 201 Created in 1219ms (Views: 0.4ms | ActiveRecord: 38.6ms (3 queries, 0 cached) | GC: 30.0ms)


Started POST "/api/v1/auth/login" for 127.0.0.1 at 2025-11-11 17:48:26 +0200
Processing by Api::V1::AuthController#login as */*
  Parameters: {"user"=>{"username"=>"salma20", "password"=>"[FILTERED]"}, "auth"=>{"user"=>{"username"=>"salma20", "password"=>"[FILTERED]"}}}
  [1m[36mUser Load (0.8ms)[0m  [1m[34mSELECT "users".* FROM "users" WHERE "users"."username" = 'salma20' LIMIT 1 /*action='login',application='SwapGoods',controller='auth'*/[0m
  ↳ app/controllers/api/v1/auth_controller.rb:28:in `login'
Completed 200 OK in 785ms (Views: 0.3ms | ActiveRecord: 0.7ms (1 query, 0 cached) | GC: 0.0ms)


Started POST "/api/v1/auth/login" for 127.0.0.1 at 2025-11-11 17:49:03 +0200
Processing by Api::V1::AuthController#login as */*
  Parameters: {"user"=>{"username"=>"salma2u0", "password"=>"[FILTERED]"}, "auth"=>{"user"=>{"username"=>"salma2u0", "password"=>"[FILTERED]"}}}
  [1m[36mUser Load (8.7ms)[0m  [1m[34mSELECT "users".* FROM "users" WHERE "users"."username" = 'salma2u0' LIMIT 1 /*action='login',application='SwapGoods',controller='auth'*/[0m
  ↳ app/controllers/api/v1/auth_controller.rb:28:in `login'
Completed 401 Unauthorized in 17ms (Views: 0.3ms | ActiveRecord: 8.7ms (1 query, 0 cached) | GC: 0.0ms)


Started POST "/api/v1/auth/login" for 127.0.0.1 at 2025-11-11 17:49:13 +0200
Processing by Api::V1::AuthController#login as */*
  Parameters: {"user"=>{"username"=>"salma20", "password"=>"[FILTERED]"}, "auth"=>{"user"=>{"username"=>"salma20", "password"=>"[FILTERED]"}}}
  [1m[36mUser Load (2.7ms)[0m  [1m[34mSELECT "users".* FROM "users" WHERE "users"."username" = 'salma20' LIMIT 1 /*action='login',application='SwapGoods',controller='auth'*/[0m
  ↳ app/controllers/api/v1/auth_controller.rb:28:in `login'
Completed 401 Unauthorized in 619ms (Views: 3.5ms | ActiveRecord: 2.6ms (1 query, 0 cached) | GC: 0.0ms)


Started POST "/api/v1/auth/login" for 127.0.0.1 at 2025-11-11 17:49:37 +0200
Processing by Api::V1::AuthController#login as */*
  Parameters: {"user"=>{"username"=>"salma20", "password"=>"[FILTERED]"}, "auth"=>{"user"=>{"username"=>"salma20", "password"=>"[FILTERED]"}}}
  [1m[36mUser Load (2.1ms)[0m  [1m[34mSELECT "users".* FROM "users" WHERE "users"."username" = 'salma20' LIMIT 1 /*action='login',application='SwapGoods',controller='auth'*/[0m
  ↳ app/controllers/api/v1/auth_controller.rb:28:in `login'
Completed 401 Unauthorized in 985ms (Views: 0.3ms | ActiveRecord: 2.1ms (1 query, 0 cached) | GC: 0.0ms)


Started GET "/api/v1/auth/me" for 127.0.0.1 at 2025-11-11 17:51:50 +0200
Processing by Api::V1::AuthController#me as */*
Completed 500 Internal Server Error in 1ms (ActiveRecord: 0.0ms (0 queries, 0 cached) | GC: 0.0ms)


  
NoMethodError (undefined method `decode' for JsonWebToken:Class):
  
app/controllers/application_controller.rb:9:in `authenticate_user'
Started GET "/api/v1/auth/me" for 127.0.0.1 at 2025-11-11 17:52:30 +0200
Processing by Api::V1::AuthController#me as */*
Completed 500 Internal Server Error in 1ms (ActiveRecord: 0.0ms (0 queries, 0 cached) | GC: 0.0ms)


  
JWT::DecodeError (Not enough or too many segments):
  
app/services/json_web_token.rb:11:in `decode_token'
app/controllers/application_controller.rb:9:in `authenticate_user'
Started POST "/api/v1/auth/login" for 127.0.0.1 at 2025-11-11 17:54:10 +0200
  [1m[36mActiveRecord::SchemaMigration Load (5.2ms)[0m  [1m[34mSELECT "schema_migrations"."version" FROM "schema_migrations" ORDER BY "schema_migrations"."version" ASC /*application='SwapGoods'*/[0m
Processing by Api::V1::AuthController#login as */*
  Parameters: {"user"=>{"username"=>"salma20", "password"=>"[FILTERED]"}, "auth"=>{"user"=>{"username"=>"salma20", "password"=>"[FILTERED]"}}}
  [1m[36mUser Load (7.1ms)[0m  [1m[34mSELECT "users".* FROM "users" WHERE "users"."username" = 'salma20' LIMIT 1 /*action='login',application='SwapGoods',controller='auth'*/[0m
  ↳ app/controllers/api/v1/auth_controller.rb:28:in `login'
Completed 200 OK in 1313ms (Views: 3.3ms | ActiveRecord: 84.0ms (1 query, 0 cached) | GC: 5.2ms)


Started GET "/api/v1/auth/me" for 127.0.0.1 at 2025-11-11 17:54:47 +0200
Processing by Api::V1::AuthController#me as */*
  [1m[36mUser Load (2.2ms)[0m  [1m[34mSELECT "users".* FROM "users" WHERE "users"."id" = 5 LIMIT 1 /*action='me',application='SwapGoods',controller='auth'*/[0m
  ↳ app/controllers/application_controller.rb:11:in `authenticate_user'
Completed 200 OK in 16ms (Views: 3.8ms | ActiveRecord: 2.1ms (1 query, 0 cached) | GC: 0.0ms)


Started GET "/api/v1/auth/login" for 127.0.0.1 at 2025-11-11 18:11:58 +0200
  [1m[36mActiveRecord::SchemaMigration Load (1.4ms)[0m  [1m[34mSELECT "schema_migrations"."version" FROM "schema_migrations" ORDER BY "schema_migrations"."version" ASC /*application='SwapGoods'*/[0m
  
ActionController::RoutingError (No route matches [GET] "/api/v1/auth/login"):
  
Started POST "/api/v1/auth/login" for 127.0.0.1 at 2025-11-11 18:12:08 +0200
Processing by Api::V1::AuthController#login as */*
  Parameters: {"user"=>{"username"=>"salma20", "password"=>"[FILTERED]"}, "auth"=>{"user"=>{"username"=>"salma20", "password"=>"[FILTERED]"}}}
  [1m[36mUser Load (3.7ms)[0m  [1m[34mSELECT "users".* FROM "users" WHERE "users"."username" = 'salma20' LIMIT 1 /*action='login',application='SwapGoods',controller='auth'*/[0m
  ↳ app/controllers/api/v1/auth_controller.rb:28:in `login'
Completed 200 OK in 767ms (Views: 1.8ms | ActiveRecord: 37.9ms (1 query, 0 cached) | GC: 7.1ms)


Started GET "/api/v1/auth/me" for 127.0.0.1 at 2025-11-11 18:12:47 +0200
Processing by Api::V1::AuthController#me as */*
  [1m[36mUser Load (2.3ms)[0m  [1m[34mSELECT "users".* FROM "users" WHERE "users"."id" = 5 LIMIT 1 /*action='me',application='SwapGoods',controller='auth'*/[0m
  ↳ app/controllers/application_controller.rb:15:in `authenticate_user'
Completed 200 OK in 17ms (Views: 0.3ms | ActiveRecord: 2.3ms (1 query, 0 cached) | GC: 0.0ms)


Started GET "/api/v1/auth/me" for 127.0.0.1 at 2025-11-11 18:13:07 +0200
Processing by Api::V1::AuthController#me as */*
  [1m[36mUser Load (2.1ms)[0m  [1m[34mSELECT "users".* FROM "users" WHERE "users"."id" = 5 LIMIT 1 /*action='me',application='SwapGoods',controller='auth'*/[0m
  ↳ app/controllers/application_controller.rb:15:in `authenticate_user'
Completed 200 OK in 9ms (Views: 0.3ms | ActiveRecord: 2.1ms (1 query, 0 cached) | GC: 0.0ms)


Started GET "/api/v1/auth/me" for 127.0.0.1 at 2025-11-11 18:13:51 +0200
Processing by Api::V1::AuthController#me as */*
  [1m[36mUser Load (1.0ms)[0m  [1m[34mSELECT "users".* FROM "users" WHERE "users"."id" = 5 LIMIT 1 /*action='me',application='SwapGoods',controller='auth'*/[0m
  ↳ app/controllers/application_controller.rb:15:in `authenticate_user'
Completed 200 OK in 11ms (Views: 0.3ms | ActiveRecord: 1.0ms (1 query, 0 cached) | GC: 0.0ms)


Started GET "/api/v1/auth/me" for 127.0.0.1 at 2025-11-11 18:14:05 +0200
Processing by Api::V1::AuthController#me as */*
  [1m[36mUser Load (0.7ms)[0m  [1m[34mSELECT "users".* FROM "users" WHERE "users"."id" = 5 LIMIT 1 /*action='me',application='SwapGoods',controller='auth'*/[0m
  ↳ app/controllers/application_controller.rb:15:in `authenticate_user'
Completed 200 OK in 15ms (Views: 0.4ms | ActiveRecord: 0.7ms (1 query, 0 cached) | GC: 5.3ms)


Started GET "/api/v1/auth/me" for 127.0.0.1 at 2025-11-11 18:21:21 +0200
Processing by Api::V1::AuthController#me as */*
Completed 401 Unauthorized in 27ms (Views: 1.4ms | ActiveRecord: 0.0ms (0 queries, 0 cached) | GC: 0.0ms)


  [1m[36mUser Load (12.9ms)[0m  [1m[34mSELECT "users".* FROM "users" ORDER BY "users"."id" ASC LIMIT 1 /*application='SwapGoods'*/[0m
  [1m[36mUser Load (19.4ms)[0m  [1m[34mSELECT "users".* FROM "users" WHERE "users"."id" = 1 LIMIT 1 /*application='SwapGoods'*/[0m
  [1m[36mUser Load (28.3ms)[0m  [1m[34mSELECT "users".* FROM "users" WHERE "users"."id" = 1 LIMIT 1 /*application='SwapGoods'*/[0m
  [1m[36mTRANSACTION (7.9ms)[0m  [1m[35mBEGIN /*application='SwapGoods'*/[0m
  [1m[36mUser Exists? (5.6ms)[0m  [1m[34mSELECT 1 AS one FROM "users" WHERE "users"."username" = 'maneer2004' AND "users"."id" != 1 LIMIT 1 /*application='SwapGoods'*/[0m
  [1m[36mUser Exists? (2.7ms)[0m  [1m[34mSELECT 1 AS one FROM "users" WHERE "users"."email_address" = 'hello@gmail.com' AND "users"."id" != 1 LIMIT 1 /*application='SwapGoods'*/[0m
  [1m[36mUser Update (5.5ms)[0m  [1m[33mUPDATE "users" SET "email_address" = 'hello@gmail.com', "updated_at" = '2025-11-11 19:50:22.242864' WHERE "users"."id" = 1 /*application='SwapGoods'*/[0m
  [1m[36mTRANSACTION (4.8ms)[0m  [1m[35mCOMMIT /*application='SwapGoods'*/[0m
  [1m[36mActiveRecord::SchemaMigration Load (7.7ms)[0m  [1m[34mSELECT "schema_migrations"."version" FROM "schema_migrations" ORDER BY "schema_migrations"."version" ASC /*application='SwapGoods'*/[0m
  [1m[36mUser Load (3.0ms)[0m  [1m[34mSELECT "users".* FROM "users" ORDER BY "users"."id" ASC LIMIT 1 /*application='SwapGoods'*/[0m
  [1m[36mUser Load (1.8ms)[0m  [1m[34mSELECT "users".* FROM "users" ORDER BY "users"."id" ASC LIMIT 1 /*application='SwapGoods'*/[0m
Started POST "/api/v1/auth/forgetPassword" for 127.0.0.1 at 2025-11-12 08:36:16 +0200
  [1m[36mActiveRecord::SchemaMigration Load (4.8ms)[0m  [1m[34mSELECT "schema_migrations"."version" FROM "schema_migrations" ORDER BY "schema_migrations"."version" ASC /*application='SwapGoods'*/[0m
Processing by Api::V1::AuthController#forget_password as */*
  Parameters: {"forgot_params"=>{"email_address"=>"[FILTERED]"}, "auth"=>{"forgot_params"=>{"email_address"=>"[FILTERED]"}}}
  [1m[36mUser Load (2.0ms)[0m  [1m[34mSELECT "users".* FROM "users" WHERE "users"."email_address" = 'hello@gmail.com' LIMIT 1 /*action='forget_password',application='SwapGoods',controller='auth'*/[0m
  ↳ app/controllers/api/v1/auth_controller.rb:54:in `forget_password'
Completed 200 OK in 178ms (Views: 2.8ms | ActiveRecord: 27.5ms (1 query, 0 cached) | GC: 4.7ms)


Started POST "/api/v1/auth/forgetPassword" for 127.0.0.1 at 2025-11-12 08:37:06 +0200
Processing by Api::V1::AuthController#forget_password as */*
  Parameters: {"forgot_params"=>{"email_address"=>"[FILTERED]"}, "auth"=>{"forgot_params"=>{"email_address"=>"[FILTERED]"}}}
  [1m[36mUser Load (5.1ms)[0m  [1m[34mSELECT "users".* FROM "users" WHERE "users"."email_address" = 'helilo@gmail.com' LIMIT 1 /*action='forget_password',application='SwapGoods',controller='auth'*/[0m
  ↳ app/controllers/api/v1/auth_controller.rb:54:in `forget_password'
Completed 404 Not Found in 11ms (Views: 0.3ms | ActiveRecord: 5.0ms (1 query, 0 cached) | GC: 0.0ms)


Started PUT "/api/v1/auth/resetPassword" for 127.0.0.1 at 2025-11-12 08:38:21 +0200
Processing by Api::V1::AuthController#reset_password as */*
  Parameters: {"reset_params"=>{"token"=>"[FILTERED]", "password"=>"[FILTERED]", "password_confirmation"=>"[FILTERED]"}, "auth"=>{"reset_params"=>{"token"=>"[FILTERED]", "password"=>"[FILTERED]", "password_confirmation"=>"[FILTERED]"}}}
Completed 400 Bad Request in 1ms (ActiveRecord: 0.0ms (0 queries, 0 cached) | GC: 0.0ms)


  
ActionController::ParameterMissing (param is missing or the value is empty or invalid: reset_password):
  
app/controllers/api/v1/auth_controller.rb:108:in `reset_password_params'
app/controllers/api/v1/auth_controller.rb:71:in `reset_password'
Started PUT "/api/v1/auth/resetPassword" for 127.0.0.1 at 2025-11-12 08:39:02 +0200
Processing by Api::V1::AuthController#reset_password as */*
  Parameters: {"reset_params"=>{"token"=>"[FILTERED]", "password"=>"[FILTERED]", "password_confirmation"=>"[FILTERED]"}, "auth"=>{"reset_params"=>{"token"=>"[FILTERED]", "password"=>"[FILTERED]", "password_confirmation"=>"[FILTERED]"}}}
  [1m[36mUser Load (0.7ms)[0m  [1m[34mSELECT "users".* FROM "users" WHERE "users"."id" = 1 LIMIT 1 /*action='reset_password',application='SwapGoods',controller='auth'*/[0m
  ↳ app/controllers/api/v1/auth_controller.rb:73:in `reset_password'
  [1m[36mTRANSACTION (3.5ms)[0m  [1m[35mBEGIN /*action='reset_password',application='SwapGoods',controller='auth'*/[0m
  ↳ app/controllers/api/v1/auth_controller.rb:78:in `reset_password'
  [1m[36mUser Exists? (3.9ms)[0m  [1m[34mSELECT 1 AS one FROM "users" WHERE "users"."username" = 'maneer2004' AND "users"."id" != 1 LIMIT 1 /*action='reset_password',application='SwapGoods',controller='auth'*/[0m
  ↳ app/controllers/api/v1/auth_controller.rb:78:in `reset_password'
  [1m[36mUser Exists? (0.6ms)[0m  [1m[34mSELECT 1 AS one FROM "users" WHERE "users"."email_address" = 'hello@gmail.com' AND "users"."id" != 1 LIMIT 1 /*action='reset_password',application='SwapGoods',controller='auth'*/[0m
  ↳ app/controllers/api/v1/auth_controller.rb:78:in `reset_password'
  [1m[36mUser Update (9.7ms)[0m  [1m[33mUPDATE "users" SET "password_digest" = '$2a$12$mCzX/O7p860RVdZo4Vnso.g9sf92iSnsniFjhylK8CYGm/WA9BDcO', "updated_at" = '2025-11-12 06:39:03.598930' WHERE "users"."id" = 1 /*action='reset_password',application='SwapGoods',controller='auth'*/[0m
  ↳ app/controllers/api/v1/auth_controller.rb:78:in `reset_password'
  [1m[36mTRANSACTION (8.4ms)[0m  [1m[35mCOMMIT /*action='reset_password',application='SwapGoods',controller='auth'*/[0m
  ↳ app/controllers/api/v1/auth_controller.rb:78:in `reset_password'
Completed 200 OK in 961ms (Views: 0.5ms | ActiveRecord: 48.4ms (4 queries, 0 cached) | GC: 0.0ms)


Started PUT "/api/v1/auth/resetPassword" for 127.0.0.1 at 2025-11-12 08:39:44 +0200
Processing by Api::V1::AuthController#reset_password as */*
  Parameters: {"reset_params"=>{"token"=>"[FILTERED]", "password"=>"[FILTERED]", "password_confirmation"=>"[FILTERED]"}, "auth"=>{"reset_params"=>{"token"=>"[FILTERED]", "password"=>"[FILTERED]", "password_confirmation"=>"[FILTERED]"}}}
  [1m[36mUser Load (0.8ms)[0m  [1m[34mSELECT "users".* FROM "users" WHERE "users"."id" = 1 LIMIT 1 /*action='reset_password',application='SwapGoods',controller='auth'*/[0m
  ↳ app/controllers/api/v1/auth_controller.rb:73:in `reset_password'
  [1m[36mTRANSACTION (0.2ms)[0m  [1m[35mBEGIN /*action='reset_password',application='SwapGoods',controller='auth'*/[0m
  ↳ app/controllers/api/v1/auth_controller.rb:78:in `reset_password'
  [1m[36mUser Exists? (3.4ms)[0m  [1m[34mSELECT 1 AS one FROM "users" WHERE "users"."username" = 'maneer2004' AND "users"."id" != 1 LIMIT 1 /*action='reset_password',application='SwapGoods',controller='auth'*/[0m
  ↳ app/controllers/api/v1/auth_controller.rb:78:in `reset_password'
  [1m[36mUser Exists? (0.6ms)[0m  [1m[34mSELECT 1 AS one FROM "users" WHERE "users"."email_address" = 'hello@gmail.com' AND "users"."id" != 1 LIMIT 1 /*action='reset_password',application='SwapGoods',controller='auth'*/[0m
  ↳ app/controllers/api/v1/auth_controller.rb:78:in `reset_password'
  [1m[36mUser Update (8.6ms)[0m  [1m[33mUPDATE "users" SET "password_digest" = '$2a$12$uF5e5K8mkGDi3D/JJp50lOh4y8MyCIH5QdhGMl4X5pDT/0fMhNOzO', "updated_at" = '2025-11-12 06:39:45.107144' WHERE "users"."id" = 1 /*action='reset_password',application='SwapGoods',controller='auth'*/[0m
  ↳ app/controllers/api/v1/auth_controller.rb:78:in `reset_password'
  [1m[36mTRANSACTION (1.2ms)[0m  [1m[35mCOMMIT /*action='reset_password',application='SwapGoods',controller='auth'*/[0m
  ↳ app/controllers/api/v1/auth_controller.rb:78:in `reset_password'
Completed 200 OK in 903ms (Views: 0.3ms | ActiveRecord: 14.8ms (4 queries, 0 cached) | GC: 11.8ms)


Started PUT "/api/v1/auth/resetPassword" for 127.0.0.1 at 2025-11-12 08:40:14 +0200
Processing by Api::V1::AuthController#reset_password as */*
  Parameters: {"reset_params"=>{"token"=>"[FILTERED]", "password"=>"[FILTERED]", "password_confirmation"=>"[FILTERED]"}, "auth"=>{"reset_params"=>{"token"=>"[FILTERED]", "password"=>"[FILTERED]", "password_confirmation"=>"[FILTERED]"}}}
  [1m[36mUser Load (0.7ms)[0m  [1m[34mSELECT "users".* FROM "users" WHERE "users"."id" = 1 LIMIT 1 /*action='reset_password',application='SwapGoods',controller='auth'*/[0m
  ↳ app/controllers/api/v1/auth_controller.rb:73:in `reset_password'
  [1m[36mTRANSACTION (2.5ms)[0m  [1m[35mBEGIN /*action='reset_password',application='SwapGoods',controller='auth'*/[0m
  ↳ app/controllers/api/v1/auth_controller.rb:78:in `reset_password'
  [1m[36mUser Exists? (8.9ms)[0m  [1m[34mSELECT 1 AS one FROM "users" WHERE "users"."username" = 'maneer2004' AND "users"."id" != 1 LIMIT 1 /*action='reset_password',application='SwapGoods',controller='auth'*/[0m
  ↳ app/controllers/api/v1/auth_controller.rb:78:in `reset_password'
  [1m[36mUser Exists? (7.0ms)[0m  [1m[34mSELECT 1 AS one FROM "users" WHERE "users"."email_address" = 'hello@gmail.com' AND "users"."id" != 1 LIMIT 1 /*action='reset_password',application='SwapGoods',controller='auth'*/[0m
  ↳ app/controllers/api/v1/auth_controller.rb:78:in `reset_password'
  [1m[36mTRANSACTION (3.6ms)[0m  [1m[31mROLLBACK /*action='reset_password',application='SwapGoods',controller='auth'*/[0m
  ↳ app/controllers/api/v1/auth_controller.rb:78:in `reset_password'
Completed 422 Unprocessable Content in 985ms (Views: 0.2ms | ActiveRecord: 19.5ms (3 queries, 0 cached) | GC: 2.0ms)


Started PUT "/api/v1/auth/resetPassword" for 127.0.0.1 at 2025-11-12 08:41:48 +0200
Processing by Api::V1::AuthController#reset_password as */*
  Parameters: {"reset_params"=>{"token"=>"[FILTERED]", "password"=>"[FILTERED]", "password_confirmation"=>"[FILTERED]"}, "auth"=>{"reset_params"=>{"token"=>"[FILTERED]", "password"=>"[FILTERED]", "password_confirmation"=>"[FILTERED]"}}}
Completed 422 Unprocessable Content in 38ms (Views: 0.4ms | ActiveRecord: 3.4ms (0 queries, 0 cached) | GC: 0.7ms)


Started POST "/api/v1/auth/forgetPassword" for 127.0.0.1 at 2025-11-12 10:14:33 +0200
  [1m[36mActiveRecord::SchemaMigration Load (4.2ms)[0m  [1m[34mSELECT "schema_migrations"."version" FROM "schema_migrations" ORDER BY "schema_migrations"."version" ASC /*application='SwapGoods'*/[0m
Processing by Api::V1::AuthController#forget_password as */*
  Parameters: {"forgot_params"=>{"email_address"=>"[FILTERED]"}, "auth"=>{"forgot_params"=>{"email_address"=>"[FILTERED]"}}}
  [1m[36mUser Load (3.0ms)[0m  [1m[34mSELECT "users".* FROM "users" WHERE "users"."email_address" = 'hello@gmail.com' LIMIT 1 /*action='forget_password',application='SwapGoods',controller='auth'*/[0m
  ↳ app/controllers/api/v1/auth_controller.rb:54:in `forget_password'
Completed 200 OK in 421ms (Views: 3.0ms | ActiveRecord: 52.1ms (1 query, 0 cached) | GC: 9.9ms)


Started POST "/api/v1/auth/Password" for 127.0.0.1 at 2025-11-12 10:21:49 +0200
  
ActionController::RoutingError (No route matches [POST] "/api/v1/auth/Password"):
  
Started POST "/api/v1/auth/forgetPassword" for 127.0.0.1 at 2025-11-12 10:22:04 +0200
Processing by Api::V1::AuthController#forget_password as */*
  Parameters: {"forgot_params"=>{"email_address"=>"[FILTERED]"}, "auth"=>{"forgot_params"=>{"email_address"=>"[FILTERED]"}}}
  [1m[36mUser Load (7.8ms)[0m  [1m[34mSELECT "users".* FROM "users" WHERE "users"."email_address" = 'hello@gmail.com' LIMIT 1 /*action='forget_password',application='SwapGoods',controller='auth'*/[0m
  ↳ app/controllers/api/v1/auth_controller.rb:54:in `forget_password'
UserMailer#reset_password: processed outbound mail in 29.5ms
Completed 500 Internal Server Error in 214ms (ActiveRecord: 38.3ms (1 query, 0 cached) | GC: 1.3ms)


  
ArgumentError (wrong number of arguments (given 1, expected 2)):
  
app/mailers/user_mailer.rb:2:in `reset_password'
app/controllers/api/v1/auth_controller.rb:58:in `forget_password'
Started POST "/api/v1/auth/forgetPassword" for 127.0.0.1 at 2025-11-12 10:23:05 +0200
Processing by Api::V1::AuthController#forget_password as */*
  Parameters: {"forgot_params"=>{"email_address"=>"[FILTERED]"}, "auth"=>{"forgot_params"=>{"email_address"=>"[FILTERED]"}}}
  [1m[36mUser Load (1.3ms)[0m  [1m[34mSELECT "users".* FROM "users" WHERE "users"."email_address" = 'hello@gmail.com' LIMIT 1 /*action='forget_password',application='SwapGoods',controller='auth'*/[0m
  ↳ app/controllers/api/v1/auth_controller.rb:54:in `forget_password'
UserMailer#reset_password: processed outbound mail in 6.9ms
Completed 500 Internal Server Error in 24ms (ActiveRecord: 1.2ms (1 query, 0 cached) | GC: 0.0ms)


  
ArgumentError (wrong number of arguments (given 1, expected 2)):
  
app/mailers/user_mailer.rb:2:in `reset_password'
app/controllers/api/v1/auth_controller.rb:58:in `forget_password'
Started POST "/api/v1/auth/forgetPassword" for 127.0.0.1 at 2025-11-12 10:23:44 +0200
  [1m[36mActiveRecord::SchemaMigration Load (7.6ms)[0m  [1m[34mSELECT "schema_migrations"."version" FROM "schema_migrations" ORDER BY "schema_migrations"."version" ASC /*application='SwapGoods'*/[0m
Processing by Api::V1::AuthController#forget_password as */*
  Parameters: {"forgot_params"=>{"email_address"=>"[FILTERED]"}, "auth"=>{"forgot_params"=>{"email_address"=>"[FILTERED]"}}}
  [1m[36mUser Load (1.6ms)[0m  [1m[34mSELECT "users".* FROM "users" WHERE "users"."email_address" = 'hello@gmail.com' LIMIT 1 /*action='forget_password',application='SwapGoods',controller='auth'*/[0m
  ↳ app/controllers/api/v1/auth_controller.rb:54:in `forget_password'
UserMailer#reset_password: processed outbound mail in 7.7ms
Completed 500 Internal Server Error in 433ms (ActiveRecord: 45.1ms (1 query, 0 cached) | GC: 6.2ms)


  
ArgumentError (wrong number of arguments (given 1, expected 2)):
  
app/mailers/user_mailer.rb:2:in `reset_password'
app/controllers/api/v1/auth_controller.rb:58:in `forget_password'
Started POST "/api/v1/auth/forgetPassword" for 127.0.0.1 at 2025-11-12 10:25:03 +0200
Processing by Api::V1::AuthController#forget_password as */*
  Parameters: {"forgot_params"=>{"email_address"=>"[FILTERED]"}, "auth"=>{"forgot_params"=>{"email_address"=>"[FILTERED]"}}}
  [1m[36mUser Load (1.6ms)[0m  [1m[34mSELECT "users".* FROM "users" WHERE "users"."email_address" = 'hello@gmail.com' LIMIT 1 /*action='forget_password',application='SwapGoods',controller='auth'*/[0m
  ↳ app/controllers/api/v1/auth_controller.rb:54:in `forget_password'
  Rendering layout layouts/mailer.html.erb
  Rendering user_mailer/reset_password.html.erb within layouts/mailer
  Rendered user_mailer/reset_password.html.erb within layouts/mailer (Duration: 19.5ms | GC: 0.0ms)
  Rendered layout layouts/mailer.html.erb (Duration: 23.8ms | GC: 0.0ms)
UserMailer#reset_password: processed outbound mail in 190.2ms
Failed delivery of mail 691444603a395_4e364b50384b@manar-HP-255-G7-Notebook-PC.mail error_class=Net::SMTPAuthenticationError error_message="534-5.7.9 Application-specific password required. For more information, go to\n"
Date: Wed, 12 Nov 2025 10:25:04 +0200
From: moonsunu746@gmail.com
To: hello@gmail.com
Message-ID: <691444603a395_4e364b50384b@manar-HP-255-G7-Notebook-PC.mail>
Subject: Reset Your Password
MIME-Version: 1.0
Content-Type: text/html;
 charset=UTF-8
Content-Transfer-Encoding: 7bit

<!-- BEGIN app/views/layouts/mailer.html.erb --><!DOCTYPE html>
<html>
  <head>
    <meta http-equiv="Content-Type" content="text/html; charset=utf-8">
    <style>
      /* Email styles need to be inline */
    </style>
  </head>

  <body>
    <!-- BEGIN app/views/user_mailer/reset_password.html.erb --><h1>Welcome to example.com, maneer2004</h1>
  <p>
    this email to reset your password if this is you ,
    this is the url for resetting your password: https://your-frontend-app.com/reset-password?token=eyJfcmFpbHMiOnsiZGF0YSI6WzFdLCJleHAiOiIyMDI1LTExLTEyVDA5OjI1OjA0LjAwNloiLCJwdXIiOiJVc2VyXG5yZXNldF9wYXNzd29yZFxuMzYwMCJ9fQ==--4ef1c3102b1aac7525d6bec366af1a71d92a03de.<br>
  </p>
<p>if this is not you ignore this email </p><!-- END app/views/user_mailer/reset_password.html.erb -->
  </body>
</html>
<!-- END app/views/layouts/mailer.html.erb -->
Completed 500 Internal Server Error in 2895ms (ActiveRecord: 17.6ms (1 query, 0 cached) | GC: 2.7ms)


  
Net::SMTPAuthenticationError (534-5.7.9 Application-specific password required. For more information, go to
):
  
app/controllers/api/v1/auth_controller.rb:58:in `forget_password'
Started POST "/api/v1/auth/forgetPassword" for 127.0.0.1 at 2025-11-12 11:08:54 +0200
  [1m[36mActiveRecord::SchemaMigration Load (4.0ms)[0m  [1m[34mSELECT "schema_migrations"."version" FROM "schema_migrations" ORDER BY "schema_migrations"."version" ASC /*application='SwapGoods'*/[0m
Processing by Api::V1::AuthController#forget_password as */*
  Parameters: {"forgot_params"=>{"email_address"=>"[FILTERED]"}, "auth"=>{"forgot_params"=>{"email_address"=>"[FILTERED]"}}}
  [1m[36mUser Load (2.0ms)[0m  [1m[34mSELECT "users".* FROM "users" WHERE "users"."email_address" = 'hello@gmail.com' LIMIT 1 /*action='forget_password',application='SwapGoods',controller='auth'*/[0m
  ↳ app/controllers/api/v1/auth_controller.rb:54:in `forget_password'
  Rendering layout layouts/mailer.html.erb
  Rendering user_mailer/reset_password.html.erb within layouts/mailer
  Rendered user_mailer/reset_password.html.erb within layouts/mailer (Duration: 33.6ms | GC: 15.9ms)
  Rendered layout layouts/mailer.html.erb (Duration: 47.4ms | GC: 20.1ms)
UserMailer#reset_password: processed outbound mail in 440.5ms
Delivered mail 69144ea8652fc_57aa2bc07045d@manar-HP-255-G7-Notebook-PC.mail (3484.7ms)
Date: Wed, 12 Nov 2025 11:08:56 +0200
From: moonsunu746@gmail.com
To: hello@gmail.com
Message-ID: <69144ea8652fc_57aa2bc07045d@manar-HP-255-G7-Notebook-PC.mail>
Subject: Reset Your Password
MIME-Version: 1.0
Content-Type: text/html;
 charset=UTF-8
Content-Transfer-Encoding: 7bit

<!-- BEGIN app/views/layouts/mailer.html.erb --><!DOCTYPE html>
<html>
  <head>
    <meta http-equiv="Content-Type" content="text/html; charset=utf-8">
    <style>
      /* Email styles need to be inline */
    </style>
  </head>

  <body>
    <!-- BEGIN app/views/user_mailer/reset_password.html.erb --><h1>Welcome to example.com, maneer2004</h1>
  <p>
    this email to reset your password if this is you ,
    this is the url for resetting your password: https://your-frontend-app.com/reset-password?token=eyJfcmFpbHMiOnsiZGF0YSI6WzFdLCJleHAiOiIyMDI1LTExLTEyVDEwOjA4OjU1LjUzN1oiLCJwdXIiOiJVc2VyXG5yZXNldF9wYXNzd29yZFxuMzYwMCJ9fQ==--97ba2747ae044682ff3972e088f0bbffdce4a51f.<br>
  </p>
<p>if this is not you ignore this email </p><!-- END app/views/user_mailer/reset_password.html.erb -->
  </body>
</html>
<!-- END app/views/layouts/mailer.html.erb -->
Completed 200 OK in 4675ms (Views: 0.6ms | ActiveRecord: 66.3ms (1 query, 0 cached) | GC: 110.0ms)


  [1m[36mUser Load (1.9ms)[0m  [1m[34mSELECT "users".* FROM "users" WHERE "users"."email_address" = 'maneeer2006@gmail.com' LIMIT 1 /*application='SwapGoods'*/[0m
  [1m[36mTRANSACTION (0.2ms)[0m  [1m[35mBEGIN /*application='SwapGoods'*/[0m
  [1m[36mUser Exists? (6.7ms)[0m  [1m[34mSELECT 1 AS one FROM "users" WHERE "users"."username" = 'manar' LIMIT 1 /*application='SwapGoods'*/[0m
  [1m[36mUser Exists? (0.7ms)[0m  [1m[34mSELECT 1 AS one FROM "users" WHERE "users"."email_address" = 'maneeer2006@gmail.com' LIMIT 1 /*application='SwapGoods'*/[0m
  [1m[36mUser Create (6.2ms)[0m  [1m[32mINSERT INTO "users" ("username", "email_address", "password_digest", "location", "created_at", "updated_at") VALUES ('manar', 'maneeer2006@gmail.com', '$2a$12$97QpXsIdAmNW5/XxZsgaQO1cdJEzQ.a9NqXZOy.8X9JthPkEj6kE2', 'gaza', '2025-11-12 09:11:06.727890', '2025-11-12 09:11:06.727890') RETURNING "id" /*application='SwapGoods'*/[0m
  [1m[36mTRANSACTION (3.2ms)[0m  [1m[35mCOMMIT /*application='SwapGoods'*/[0m
Started POST "/api/v1/auth/forgetPassword" for 127.0.0.1 at 2025-11-12 11:11:58 +0200
  [1m[36mActiveRecord::SchemaMigration Load (1.4ms)[0m  [1m[34mSELECT "schema_migrations"."version" FROM "schema_migrations" ORDER BY "schema_migrations"."version" ASC /*application='SwapGoods'*/[0m
Processing by Api::V1::AuthController#forget_password as */*
  Parameters: {"forgot_params"=>{"email_address"=>"[FILTERED]"}, "auth"=>{"forgot_params"=>{"email_address"=>"[FILTERED]"}}}
  [1m[36mUser Load (1.2ms)[0m  [1m[34mSELECT "users".* FROM "users" WHERE "users"."email_address" = 'maneeer2006@gmail.com' LIMIT 1 /*action='forget_password',application='SwapGoods',controller='auth'*/[0m
  ↳ app/controllers/api/v1/auth_controller.rb:54:in `forget_password'
  Rendering layout layouts/mailer.html.erb
  Rendering user_mailer/reset_password.html.erb within layouts/mailer
  Rendered user_mailer/reset_password.html.erb within layouts/mailer (Duration: 30.8ms | GC: 7.4ms)
  Rendered layout layouts/mailer.html.erb (Duration: 48.4ms | GC: 11.6ms)
UserMailer#reset_password: processed outbound mail in 261.3ms
Delivered mail 69144f607c46d_5f572bac24b8@manar-HP-255-G7-Notebook-PC.mail (3891.4ms)
Date: Wed, 12 Nov 2025 11:12:00 +0200
From: moonsunu746@gmail.com
To: maneeer2006@gmail.com
Message-ID: <69144f607c46d_5f572bac24b8@manar-HP-255-G7-Notebook-PC.mail>
Subject: Reset Your Password
MIME-Version: 1.0
Content-Type: text/html;
 charset=UTF-8
Content-Transfer-Encoding: 7bit

<!-- BEGIN app/views/layouts/mailer.html.erb --><!DOCTYPE html>
<html>
  <head>
    <meta http-equiv="Content-Type" content="text/html; charset=utf-8">
    <style>
      /* Email styles need to be inline */
    </style>
  </head>

  <body>
    <!-- BEGIN app/views/user_mailer/reset_password.html.erb --><h1>Welcome to example.com, manar</h1>
  <p>
    this email to reset your password if this is you ,
    this is the url for resetting your password: https://your-frontend-app.com/reset-password?token=eyJfcmFpbHMiOnsiZGF0YSI6WzZdLCJleHAiOiIyMDI1LTExLTEyVDEwOjExOjU5LjgyOFoiLCJwdXIiOiJVc2VyXG5yZXNldF9wYXNzd29yZFxuMzYwMCJ9fQ==--fae3b4f49e405d29dfd5b9b65bbb4fe87d02289e.<br>
  </p>
<p>if this is not you ignore this email </p><!-- END app/views/user_mailer/reset_password.html.erb -->
  </body>
</html>
<!-- END app/views/layouts/mailer.html.erb -->
Completed 200 OK in 4792ms (Views: 1.6ms | ActiveRecord: 63.3ms (1 query, 0 cached) | GC: 109.3ms)


Started POST "/api/v1/auth/forgetPassword" for 127.0.0.1 at 2025-11-12 14:55:57 +0200
  [1m[36mActiveRecord::SchemaMigration Load (8.6ms)[0m  [1m[34mSELECT "schema_migrations"."version" FROM "schema_migrations" ORDER BY "schema_migrations"."version" ASC /*application='SwapGoods'*/[0m
Processing by Api::V1::AuthController#forget_password as */*
  Parameters: {"forgot_params"=>{"email_address"=>"[FILTERED]"}, "auth"=>{"forgot_params"=>{"email_address"=>"[FILTERED]"}}}
  [1m[36mUser Load (1.6ms)[0m  [1m[34mSELECT "users".* FROM "users" WHERE "users"."email_address" = 'maneeer2006@gmail.com' LIMIT 1 /*action='forget_password',application='SwapGoods',controller='auth'*/[0m
  ↳ app/controllers/api/v1/auth_controller.rb:54:in `forget_password'
  Rendering layout layouts/mailer.html.erb
  Rendering user_mailer/reset_password.html.erb within layouts/mailer
  Rendered user_mailer/reset_password.html.erb within layouts/mailer (Duration: 26.4ms | GC: 12.4ms)
  Rendered layout layouts/mailer.html.erb (Duration: 28.0ms | GC: 12.4ms)
UserMailer#reset_password: processed outbound mail in 220.3ms
Delivered mail 691483dede435_6c472bc075ba@manar-HP-255-G7-Notebook-PC.mail (3520.7ms)
Date: Wed, 12 Nov 2025 14:55:58 +0200
From: moonsunu746@gmail.com
To: maneeer2006@gmail.com
Message-ID: <691483dede435_6c472bc075ba@manar-HP-255-G7-Notebook-PC.mail>
Subject: Reset Your Password
MIME-Version: 1.0
Content-Type: text/html;
 charset=UTF-8
Content-Transfer-Encoding: 7bit

<!-- BEGIN app/views/layouts/mailer.html.erb --><!DOCTYPE html>
<html>
  <head>
    <meta http-equiv="Content-Type" content="text/html; charset=utf-8">
    <style>
      /* Email styles need to be inline */
    </style>
  </head>

  <body>
    <!-- BEGIN app/views/user_mailer/reset_password.html.erb --><h1>Welcome to example.com, manar</h1>
  <p>
    this email to reset your password if this is you ,
    this is the url for resetting your password: https://your-frontend-app.com/reset-password?token=eyJfcmFpbHMiOnsiZGF0YSI6WzZdLCJleHAiOiIyMDI1LTExLTEyVDEzOjU1OjU4LjQyNVoiLCJwdXIiOiJVc2VyXG5yZXNldF9wYXNzd29yZFxuMzYwMCJ9fQ==--b3770f7e22b93f061e85e9b7f5c267bb1e983f1d.<br>
  </p>
<p>if this is not you ignore this email </p><!-- END app/views/user_mailer/reset_password.html.erb -->
  </body>
</html>
<!-- END app/views/layouts/mailer.html.erb -->
Completed 200 OK in 4150ms (Views: 0.5ms | ActiveRecord: 48.2ms (1 query, 0 cached) | GC: 102.9ms)


  [1m[36mActiveRecord::SchemaMigration Load (9.2ms)[0m  [1m[34mSELECT "schema_migrations"."version" FROM "schema_migrations" ORDER BY "schema_migrations"."version" ASC /*application='SwapGoods'*/[0m
  [1m[36mActiveRecord::SchemaMigration Load (3.4ms)[0m  [1m[34mSELECT "schema_migrations"."version" FROM "schema_migrations" ORDER BY "schema_migrations"."version" ASC /*application='SwapGoods'*/[0m
  [1m[36mActiveRecord::SchemaMigration Load (4.9ms)[0m  [1m[34mSELECT "schema_migrations"."version" FROM "schema_migrations" ORDER BY "schema_migrations"."version" ASC /*application='SwapGoods'*/[0m
  [1m[36mActiveRecord::SchemaMigration Load (3.3ms)[0m  [1m[34mSELECT "schema_migrations"."version" FROM "schema_migrations" ORDER BY "schema_migrations"."version" ASC /*application='SwapGoods'*/[0m
  [1m[36mCACHE ActiveRecord::SchemaMigration Load (0.1ms)[0m  [1m[34mSELECT "schema_migrations"."version" FROM "schema_migrations" ORDER BY "schema_migrations"."version" ASC[0m
Started POST "/signup" for 127.0.0.1 at 2025-11-13 17:49:46 +0200
  [1m[36mActiveRecord::SchemaMigration Load (5.6ms)[0m  [1m[34mSELECT "schema_migrations"."version" FROM "schema_migrations" ORDER BY "schema_migrations"."version" ASC /*application='SwapGoods'*/[0m
  
ActiveRecord::PendingMigrationError (

Migrations are pending. To resolve this issue, run:

        bin/rails db:migrate

You have 1 pending migration:

db/migrate/20251113065108_add_verified_to_users.rb


):
  
activerecord (8.0.4) lib/active_record/migration.rb:742:in `check_pending_migrations'
activerecord (8.0.4) lib/active_record/migration.rb:659:in `block (2 levels) in call'
activesupport (8.0.4) lib/active_support/file_update_checker.rb:85:in `execute'
activerecord (8.0.4) lib/active_record/migration.rb:664:in `block in call'
activerecord (8.0.4) lib/active_record/migration.rb:656:in `synchronize'
activerecord (8.0.4) lib/active_record/migration.rb:656:in `call'
actionpack (8.0.4) lib/action_dispatch/middleware/callbacks.rb:31:in `block in call'
activesupport (8.0.4) lib/active_support/callbacks.rb:100:in `run_callbacks'
actionpack (8.0.4) lib/action_dispatch/middleware/callbacks.rb:30:in `call'
actionpack (8.0.4) lib/action_dispatch/middleware/executor.rb:16:in `call'
actionpack (8.0.4) lib/action_dispatch/middleware/actionable_exceptions.rb:18:in `call'
actionpack (8.0.4) lib/action_dispatch/middleware/debug_exceptions.rb:31:in `call'
actionpack (8.0.4) lib/action_dispatch/middleware/show_exceptions.rb:32:in `call'
railties (8.0.4) lib/rails/rack/logger.rb:41:in `call_app'
railties (8.0.4) lib/rails/rack/logger.rb:29:in `call'
actionpack (8.0.4) lib/action_dispatch/middleware/remote_ip.rb:96:in `call'
actionpack (8.0.4) lib/action_dispatch/middleware/request_id.rb:34:in `call'
rack (3.2.4) lib/rack/runtime.rb:24:in `call'
actionpack (8.0.4) lib/action_dispatch/middleware/server_timing.rb:61:in `block in call'
actionpack (8.0.4) lib/action_dispatch/middleware/server_timing.rb:26:in `collect_events'
actionpack (8.0.4) lib/action_dispatch/middleware/server_timing.rb:60:in `call'
actionpack (8.0.4) lib/action_dispatch/middleware/executor.rb:16:in `call'
actionpack (8.0.4) lib/action_dispatch/middleware/static.rb:27:in `call'
rack (3.2.4) lib/rack/sendfile.rb:131:in `call'
actionpack (8.0.4) lib/action_dispatch/middleware/host_authorization.rb:143:in `call'
railties (8.0.4) lib/rails/engine.rb:535:in `call'
puma (7.1.0) lib/puma/configuration.rb:300:in `call'
puma (7.1.0) lib/puma/request.rb:101:in `block in handle_request'
puma (7.1.0) lib/puma/thread_pool.rb:355:in `with_force_shutdown'
puma (7.1.0) lib/puma/request.rb:100:in `handle_request'
puma (7.1.0) lib/puma/server.rb:503:in `process_client'
puma (7.1.0) lib/puma/server.rb:262:in `block in run'
puma (7.1.0) lib/puma/thread_pool.rb:182:in `block in spawn_thread'
  [1m[35m (1.0ms)[0m  [1m[34mSELECT pg_try_advisory_lock(2883267396278098725) /*application='SwapGoods'*/[0m
  [1m[36mActiveRecord::SchemaMigration Load (1.3ms)[0m  [1m[34mSELECT "schema_migrations"."version" FROM "schema_migrations" ORDER BY "schema_migrations"."version" ASC /*application='SwapGoods'*/[0m
  [1m[36mActiveRecord::InternalMetadata Load (7.2ms)[0m  [1m[34mSELECT * FROM "ar_internal_metadata" WHERE "ar_internal_metadata"."key" = 'environment' ORDER BY "ar_internal_metadata"."key" ASC LIMIT 1 /*application='SwapGoods'*/[0m
Migrating to AddVerifiedToUsers (20251113065108)
  [1m[36mTRANSACTION (0.3ms)[0m  [1m[35mBEGIN /*application='SwapGoods'*/[0m
  [1m[35m (14.8ms)[0m  [1m[35mALTER TABLE "users" ADD "verified" boolean DEFAULT FALSE /*application='SwapGoods'*/[0m
  [1m[36mActiveRecord::SchemaMigration Create (3.8ms)[0m  [1m[32mINSERT INTO "schema_migrations" ("version") VALUES ('20251113065108') RETURNING "version" /*application='SwapGoods'*/[0m
  [1m[36mTRANSACTION (4.0ms)[0m  [1m[35mCOMMIT /*application='SwapGoods'*/[0m
  [1m[35m (2.5ms)[0m  [1m[34mSELECT pg_advisory_unlock(2883267396278098725) /*application='SwapGoods'*/[0m
  [1m[36mActiveRecord::SchemaMigration Load (0.6ms)[0m  [1m[34mSELECT "schema_migrations"."version" FROM "schema_migrations" ORDER BY "schema_migrations"."version" ASC /*application='SwapGoods'*/[0m
Started POST "/signup" for 127.0.0.1 at 2025-11-13 17:50:27 +0200
  [1m[36mActiveRecord::SchemaMigration Load (6.0ms)[0m  [1m[34mSELECT "schema_migrations"."version" FROM "schema_migrations" ORDER BY "schema_migrations"."version" ASC /*application='SwapGoods'*/[0m
  
ActionController::RoutingError (No route matches [POST] "/signup"):
  
Started POST "/api/v1/auth/sign_up" for 127.0.0.1 at 2025-11-13 17:50:57 +0200
  
ActionController::RoutingError (No route matches [POST] "/api/v1/auth/sign_up"):
  
Started POST "/api/v1/auth/signup" for 127.0.0.1 at 2025-11-13 17:51:10 +0200
Processing by Api::V1::AuthController#sign_up as */*
  Parameters: {"user"=>{"email_address"=>"[FILTERED]", "username"=>"ezzz", "location"=>"gaza", "password"=>"[FILTERED]", "password_confirmation"=>"[FILTERED]"}, "auth"=>{"user"=>{"email_address"=>"[FILTERED]", "username"=>"ezzz", "location"=>"gaza", "password"=>"[FILTERED]", "password_confirmation"=>"[FILTERED]"}}}
Completed 500 Internal Server Error in 42ms (ActiveRecord: 0.0ms (0 queries, 0 cached) | GC: 1.0ms)


  
NoMethodError (undefined method `SignUpService' for Authentication:Module):
  
app/controllers/api/v1/auth_controller.rb:9:in `sign_up'
Started POST "/api/v1/auth/signup" for 127.0.0.1 at 2025-11-13 17:52:08 +0200
Processing by Api::V1::AuthController#sign_up as */*
  Parameters: {"user"=>{"email_address"=>"[FILTERED]", "username"=>"ezzz", "location"=>"gaza", "password"=>"[FILTERED]", "password_confirmation"=>"[FILTERED]"}, "auth"=>{"user"=>{"email_address"=>"[FILTERED]", "username"=>"ezzz", "location"=>"gaza", "password"=>"[FILTERED]", "password_confirmation"=>"[FILTERED]"}}}
Completed 500 Internal Server Error in 5ms (ActiveRecord: 0.0ms (0 queries, 0 cached) | GC: 0.0ms)


  
ArgumentError (wrong number of arguments (given 2, expected 1)):
  
app/services/authentication/SignUpService.rb:3:in `call'
app/controllers/api/v1/auth_controller.rb:9:in `sign_up'
Started POST "/api/v1/auth/signup" for 127.0.0.1 at 2025-11-13 17:53:20 +0200
Processing by Api::V1::AuthController#sign_up as */*
  Parameters: {"user"=>{"email_address"=>"[FILTERED]", "username"=>"ezzz", "location"=>"gaza", "password"=>"[FILTERED]", "password_confirmation"=>"[FILTERED]"}, "auth"=>{"user"=>{"email_address"=>"[FILTERED]", "username"=>"ezzz", "location"=>"gaza", "password"=>"[FILTERED]", "password_confirmation"=>"[FILTERED]"}}}
  [1m[36mTRANSACTION (3.5ms)[0m  [1m[35mBEGIN /*action='sign_up',application='SwapGoods',controller='auth'*/[0m
  ↳ app/services/authentication/SignUpService.rb:5:in `call'
  [1m[36mUser Exists? (27.7ms)[0m  [1m[34mSELECT 1 AS one FROM "users" WHERE "users"."username" = 'ezzz' LIMIT 1 /*action='sign_up',application='SwapGoods',controller='auth'*/[0m
  ↳ app/services/authentication/SignUpService.rb:5:in `call'
  [1m[36mUser Exists? (3.1ms)[0m  [1m[34mSELECT 1 AS one FROM "users" WHERE "users"."email_address" = 'ezzdine484@gmail.com' LIMIT 1 /*action='sign_up',application='SwapGoods',controller='auth'*/[0m
  ↳ app/services/authentication/SignUpService.rb:5:in `call'
  [1m[36mUser Create (12.0ms)[0m  [1m[32mINSERT INTO "users" ("username", "email_address", "password_digest", "location", "created_at", "updated_at", "verified") VALUES ('ezzz', 'ezzdine484@gmail.com', '$2a$12$HFz3XpcyJq8J85TD1i9OfeTxiBoNXi5M40BU8eJ/tt5ubFzbwmRXS', 'gaza', '2025-11-13 15:53:21.851183', '2025-11-13 15:53:21.851183', FALSE) RETURNING "id" /*action='sign_up',application='SwapGoods',controller='auth'*/[0m
  ↳ app/services/authentication/SignUpService.rb:5:in `call'
  [1m[36mTRANSACTION (11.5ms)[0m  [1m[35mCOMMIT /*action='sign_up',application='SwapGoods',controller='auth'*/[0m
  ↳ app/services/authentication/SignUpService.rb:5:in `call'
Completed 500 Internal Server Error in 846ms (ActiveRecord: 103.2ms (3 queries, 0 cached) | GC: 1.2ms)


  
NoMethodError (undefined method `send_confirmation_email' for Authentication::SignUpService:Class):
  
app/services/authentication/SignUpService.rb:6:in `call'
app/controllers/api/v1/auth_controller.rb:9:in `sign_up'
Started POST "/api/v1/auth/signup" for 127.0.0.1 at 2025-11-13 17:55:14 +0200
  [1m[36mActiveRecord::SchemaMigration Load (2.8ms)[0m  [1m[34mSELECT "schema_migrations"."version" FROM "schema_migrations" ORDER BY "schema_migrations"."version" ASC /*application='SwapGoods'*/[0m
Processing by Api::V1::AuthController#sign_up as */*
  Parameters: {"user"=>{"email_address"=>"[FILTERED]", "username"=>"ezzz", "location"=>"gaza", "password"=>"[FILTERED]", "password_confirmation"=>"[FILTERED]"}, "auth"=>{"user"=>{"email_address"=>"[FILTERED]", "username"=>"ezzz", "location"=>"gaza", "password"=>"[FILTERED]", "password_confirmation"=>"[FILTERED]"}}}
  [1m[36mTRANSACTION (0.3ms)[0m  [1m[35mBEGIN /*action='sign_up',application='SwapGoods',controller='auth'*/[0m
  ↳ app/services/authentication/SignUpService.rb:5:in `call'
  [1m[36mUser Exists? (14.7ms)[0m  [1m[34mSELECT 1 AS one FROM "users" WHERE "users"."username" = 'ezzz' LIMIT 1 /*action='sign_up',application='SwapGoods',controller='auth'*/[0m
  ↳ app/services/authentication/SignUpService.rb:5:in `call'
  [1m[36mUser Exists? (8.6ms)[0m  [1m[34mSELECT 1 AS one FROM "users" WHERE "users"."email_address" = 'ezzdine484@gmail.com' LIMIT 1 /*action='sign_up',application='SwapGoods',controller='auth'*/[0m
  ↳ app/services/authentication/SignUpService.rb:5:in `call'
  [1m[36mTRANSACTION (1.7ms)[0m  [1m[31mROLLBACK /*action='sign_up',application='SwapGoods',controller='auth'*/[0m
  ↳ app/services/authentication/SignUpService.rb:5:in `call'
Completed 422 Unprocessable Content in 665ms (Views: 2.9ms | ActiveRecord: 42.1ms (2 queries, 0 cached) | GC: 5.3ms)


Started POST "/api/v1/auth/signup" for 127.0.0.1 at 2025-11-13 17:56:46 +0200
Processing by Api::V1::AuthController#sign_up as */*
  Parameters: {"user"=>{"email_address"=>"[FILTERED]", "username"=>"abood", "location"=>"gaza", "password"=>"[FILTERED]", "password_confirmation"=>"[FILTERED]"}, "auth"=>{"user"=>{"email_address"=>"[FILTERED]", "username"=>"abood", "location"=>"gaza", "password"=>"[FILTERED]", "password_confirmation"=>"[FILTERED]"}}}
  [1m[36mTRANSACTION (0.3ms)[0m  [1m[35mBEGIN /*action='sign_up',application='SwapGoods',controller='auth'*/[0m
  ↳ app/services/authentication/SignUpService.rb:5:in `call'
  [1m[36mUser Exists? (3.2ms)[0m  [1m[34mSELECT 1 AS one FROM "users" WHERE "users"."username" = 'abood' LIMIT 1 /*action='sign_up',application='SwapGoods',controller='auth'*/[0m
  ↳ app/services/authentication/SignUpService.rb:5:in `call'
  [1m[36mUser Exists? (0.5ms)[0m  [1m[34mSELECT 1 AS one FROM "users" WHERE "users"."email_address" = 'aboodea987654321@gmail.com' LIMIT 1 /*action='sign_up',application='SwapGoods',controller='auth'*/[0m
  ↳ app/services/authentication/SignUpService.rb:5:in `call'
  [1m[36mUser Create (1.2ms)[0m  [1m[32mINSERT INTO "users" ("username", "email_address", "password_digest", "location", "created_at", "updated_at", "verified") VALUES ('abood', 'aboodea987654321@gmail.com', '$2a$12$DwifV/szPm1i./7/Dbt.s.HMG28Q5t8HLjwb0BLyV8i/d4pzEGPia', 'gaza', '2025-11-13 15:56:46.543459', '2025-11-13 15:56:46.543459', FALSE) RETURNING "id" /*action='sign_up',application='SwapGoods',controller='auth'*/[0m
  ↳ app/services/authentication/SignUpService.rb:5:in `call'
  [1m[36mTRANSACTION (2.2ms)[0m  [1m[35mCOMMIT /*action='sign_up',application='SwapGoods',controller='auth'*/[0m
  ↳ app/services/authentication/SignUpService.rb:5:in `call'
Completed 500 Internal Server Error in 560ms (ActiveRecord: 7.3ms (3 queries, 0 cached) | GC: 34.7ms)


  
NoMethodError (undefined method `generates_token_for' for #<User id: 8, username: "abood", email_address: [FILTERED], password_digest: [FILTERED], location: "gaza", created_at: "2025-11-13 15:56:46.543459000 +0000", updated_at: "2025-11-13 15:56:46.543459000 +0000", verified: false>):
  
app/services/authentication/SignUpService.rb:15:in `send_confirmation_email'
app/services/authentication/SignUpService.rb:6:in `call'
app/controllers/api/v1/auth_controller.rb:9:in `sign_up'
Started POST "/api/v1/auth/signup" for 127.0.0.1 at 2025-11-13 17:58:02 +0200
Processing by Api::V1::AuthController#sign_up as */*
  Parameters: {"user"=>{"email_address"=>"[FILTERED]", "username"=>"abood", "location"=>"gaza", "password"=>"[FILTERED]", "password_confirmation"=>"[FILTERED]"}, "auth"=>{"user"=>{"email_address"=>"[FILTERED]", "username"=>"abood", "location"=>"gaza", "password"=>"[FILTERED]", "password_confirmation"=>"[FILTERED]"}}}
  [1m[36mTRANSACTION (0.2ms)[0m  [1m[35mBEGIN /*action='sign_up',application='SwapGoods',controller='auth'*/[0m
  ↳ app/services/authentication/SignUpService.rb:5:in `call'
  [1m[36mUser Exists? (3.2ms)[0m  [1m[34mSELECT 1 AS one FROM "users" WHERE "users"."username" = 'abood' LIMIT 1 /*action='sign_up',application='SwapGoods',controller='auth'*/[0m
  ↳ app/services/authentication/SignUpService.rb:5:in `call'
  [1m[36mUser Exists? (0.6ms)[0m  [1m[34mSELECT 1 AS one FROM "users" WHERE "users"."email_address" = 'aboodea987654321@gmail.com' LIMIT 1 /*action='sign_up',application='SwapGoods',controller='auth'*/[0m
  ↳ app/services/authentication/SignUpService.rb:5:in `call'
  [1m[36mTRANSACTION (0.3ms)[0m  [1m[31mROLLBACK /*action='sign_up',application='SwapGoods',controller='auth'*/[0m
  ↳ app/services/authentication/SignUpService.rb:5:in `call'
Completed 422 Unprocessable Content in 790ms (Views: 0.4ms | ActiveRecord: 13.5ms (2 queries, 0 cached) | GC: 8.8ms)


  [1m[36mUser Load (50.2ms)[0m  [1m[34mSELECT "users".* FROM "users" /*application='SwapGoods'*/[0m
  [1m[36mTRANSACTION (0.3ms)[0m  [1m[35mBEGIN /*application='SwapGoods'*/[0m
  [1m[36mUser Destroy (4.6ms)[0m  [1m[31mDELETE FROM "users" WHERE "users"."id" = 2 /*application='SwapGoods'*/[0m
  [1m[36mTRANSACTION (1.6ms)[0m  [1m[35mCOMMIT /*application='SwapGoods'*/[0m
  [1m[36mTRANSACTION (0.3ms)[0m  [1m[35mBEGIN /*application='SwapGoods'*/[0m
  [1m[36mUser Destroy (2.5ms)[0m  [1m[31mDELETE FROM "users" WHERE "users"."id" = 3 /*application='SwapGoods'*/[0m
  [1m[36mTRANSACTION (2.8ms)[0m  [1m[35mCOMMIT /*application='SwapGoods'*/[0m
  [1m[36mTRANSACTION (0.4ms)[0m  [1m[35mBEGIN /*application='SwapGoods'*/[0m
  [1m[36mUser Destroy (8.7ms)[0m  [1m[31mDELETE FROM "users" WHERE "users"."id" = 4 /*application='SwapGoods'*/[0m
  [1m[36mTRANSACTION (1.8ms)[0m  [1m[35mCOMMIT /*application='SwapGoods'*/[0m
  [1m[36mTRANSACTION (1.5ms)[0m  [1m[35mBEGIN /*application='SwapGoods'*/[0m
  [1m[36mUser Destroy (2.9ms)[0m  [1m[31mDELETE FROM "users" WHERE "users"."id" = 5 /*application='SwapGoods'*/[0m
  [1m[36mTRANSACTION (3.4ms)[0m  [1m[35mCOMMIT /*application='SwapGoods'*/[0m
  [1m[36mTRANSACTION (1.8ms)[0m  [1m[35mBEGIN /*application='SwapGoods'*/[0m
  [1m[36mUser Destroy (9.7ms)[0m  [1m[31mDELETE FROM "users" WHERE "users"."id" = 1 /*application='SwapGoods'*/[0m
  [1m[36mTRANSACTION (3.4ms)[0m  [1m[35mCOMMIT /*application='SwapGoods'*/[0m
  [1m[36mTRANSACTION (0.3ms)[0m  [1m[35mBEGIN /*application='SwapGoods'*/[0m
  [1m[36mUser Destroy (4.5ms)[0m  [1m[31mDELETE FROM "users" WHERE "users"."id" = 6 /*application='SwapGoods'*/[0m
  [1m[36mTRANSACTION (1.8ms)[0m  [1m[35mCOMMIT /*application='SwapGoods'*/[0m
  [1m[36mTRANSACTION (0.7ms)[0m  [1m[35mBEGIN /*application='SwapGoods'*/[0m
  [1m[36mUser Destroy (3.4ms)[0m  [1m[31mDELETE FROM "users" WHERE "users"."id" = 7 /*application='SwapGoods'*/[0m
  [1m[36mTRANSACTION (1.7ms)[0m  [1m[35mCOMMIT /*application='SwapGoods'*/[0m
  [1m[36mTRANSACTION (5.7ms)[0m  [1m[35mBEGIN /*application='SwapGoods'*/[0m
  [1m[36mUser Destroy (7.2ms)[0m  [1m[31mDELETE FROM "users" WHERE "users"."id" = 8 /*application='SwapGoods'*/[0m
  [1m[36mTRANSACTION (2.1ms)[0m  [1m[35mCOMMIT /*application='SwapGoods'*/[0m
  [1m[36mUser Load (1.5ms)[0m  [1m[34mSELECT "users".* FROM "users" /* loading for pp */ LIMIT 11 /*application='SwapGoods'*/[0m
Started POST "/api/v1/auth/signup" for 127.0.0.1 at 2025-11-13 17:58:53 +0200
  [1m[36mActiveRecord::SchemaMigration Load (2.3ms)[0m  [1m[34mSELECT "schema_migrations"."version" FROM "schema_migrations" ORDER BY "schema_migrations"."version" ASC /*application='SwapGoods'*/[0m
Processing by Api::V1::AuthController#sign_up as */*
  Parameters: {"user"=>{"email_address"=>"[FILTERED]", "username"=>"abood", "location"=>"gaza", "password"=>"[FILTERED]", "password_confirmation"=>"[FILTERED]"}, "auth"=>{"user"=>{"email_address"=>"[FILTERED]", "username"=>"abood", "location"=>"gaza", "password"=>"[FILTERED]", "password_confirmation"=>"[FILTERED]"}}}
  [1m[36mTRANSACTION (1.2ms)[0m  [1m[35mBEGIN /*action='sign_up',application='SwapGoods',controller='auth'*/[0m
  ↳ app/services/authentication/SignUpService.rb:5:in `call'
  [1m[36mUser Exists? (7.5ms)[0m  [1m[34mSELECT 1 AS one FROM "users" WHERE "users"."username" = 'abood' LIMIT 1 /*action='sign_up',application='SwapGoods',controller='auth'*/[0m
  ↳ app/services/authentication/SignUpService.rb:5:in `call'
  [1m[36mUser Exists? (2.5ms)[0m  [1m[34mSELECT 1 AS one FROM "users" WHERE "users"."email_address" = 'aboodea987654321@gmail.com' LIMIT 1 /*action='sign_up',application='SwapGoods',controller='auth'*/[0m
  ↳ app/services/authentication/SignUpService.rb:5:in `call'
  [1m[36mUser Create (5.9ms)[0m  [1m[32mINSERT INTO "users" ("username", "email_address", "password_digest", "location", "created_at", "updated_at", "verified") VALUES ('abood', 'aboodea987654321@gmail.com', '$2a$12$tguFbN.PTPTUHd.b.Rqi2.gCmOZLkcKtGUbrGxYgR6InGjmrmqkKa', 'gaza', '2025-11-13 15:58:55.367995', '2025-11-13 15:58:55.367995', FALSE) RETURNING "id" /*action='sign_up',application='SwapGoods',controller='auth'*/[0m
  ↳ app/services/authentication/SignUpService.rb:5:in `call'
  [1m[36mTRANSACTION (9.6ms)[0m  [1m[35mCOMMIT /*action='sign_up',application='SwapGoods',controller='auth'*/[0m
  ↳ app/services/authentication/SignUpService.rb:5:in `call'
Completed 500 Internal Server Error in 1352ms (ActiveRecord: 61.6ms (3 queries, 0 cached) | GC: 6.7ms)


  
KeyError (key not found: :confirm_email):
  
app/services/authentication/SignUpService.rb:15:in `send_confirmation_email'
app/services/authentication/SignUpService.rb:6:in `call'
app/controllers/api/v1/auth_controller.rb:9:in `sign_up'
Started POST "/api/v1/auth/signup" for 127.0.0.1 at 2025-11-13 18:00:16 +0200
Processing by Api::V1::AuthController#sign_up as */*
  Parameters: {"user"=>{"email_address"=>"[FILTERED]", "username"=>"abood", "location"=>"gaza", "password"=>"[FILTERED]", "password_confirmation"=>"[FILTERED]"}, "auth"=>{"user"=>{"email_address"=>"[FILTERED]", "username"=>"abood", "location"=>"gaza", "password"=>"[FILTERED]", "password_confirmation"=>"[FILTERED]"}}}
  [1m[36mTRANSACTION (0.2ms)[0m  [1m[35mBEGIN /*action='sign_up',application='SwapGoods',controller='auth'*/[0m
  ↳ app/services/authentication/SignUpService.rb:5:in `call'
  [1m[36mUser Exists? (3.6ms)[0m  [1m[34mSELECT 1 AS one FROM "users" WHERE "users"."username" = 'abood' LIMIT 1 /*action='sign_up',application='SwapGoods',controller='auth'*/[0m
  ↳ app/services/authentication/SignUpService.rb:5:in `call'
  [1m[36mUser Exists? (1.6ms)[0m  [1m[34mSELECT 1 AS one FROM "users" WHERE "users"."email_address" = 'aboodea987654321@gmail.com' LIMIT 1 /*action='sign_up',application='SwapGoods',controller='auth'*/[0m
  ↳ app/services/authentication/SignUpService.rb:5:in `call'
  [1m[36mTRANSACTION (0.3ms)[0m  [1m[31mROLLBACK /*action='sign_up',application='SwapGoods',controller='auth'*/[0m
  ↳ app/services/authentication/SignUpService.rb:5:in `call'
Completed 422 Unprocessable Content in 1200ms (Views: 2.3ms | ActiveRecord: 20.8ms (2 queries, 0 cached) | GC: 0.0ms)


Started POST "/api/v1/auth/signup" for 127.0.0.1 at 2025-11-13 18:00:26 +0200
Processing by Api::V1::AuthController#sign_up as */*
  Parameters: {"user"=>{"email_address"=>"[FILTERED]", "username"=>"ezzz", "location"=>"gaza", "password"=>"[FILTERED]", "password_confirmation"=>"[FILTERED]"}, "auth"=>{"user"=>{"email_address"=>"[FILTERED]", "username"=>"ezzz", "location"=>"gaza", "password"=>"[FILTERED]", "password_confirmation"=>"[FILTERED]"}}}
  [1m[36mTRANSACTION (8.1ms)[0m  [1m[35mBEGIN /*action='sign_up',application='SwapGoods',controller='auth'*/[0m
  ↳ app/services/authentication/SignUpService.rb:5:in `call'
  [1m[36mUser Exists? (52.7ms)[0m  [1m[34mSELECT 1 AS one FROM "users" WHERE "users"."username" = 'ezzz' LIMIT 1 /*action='sign_up',application='SwapGoods',controller='auth'*/[0m
  ↳ app/services/authentication/SignUpService.rb:5:in `call'
  [1m[36mUser Exists? (7.7ms)[0m  [1m[34mSELECT 1 AS one FROM "users" WHERE "users"."email_address" = 'ezzdine484@gmail.com' LIMIT 1 /*action='sign_up',application='SwapGoods',controller='auth'*/[0m
  ↳ app/services/authentication/SignUpService.rb:5:in `call'
  [1m[36mUser Create (5.4ms)[0m  [1m[32mINSERT INTO "users" ("username", "email_address", "password_digest", "location", "created_at", "updated_at", "verified") VALUES ('ezzz', 'ezzdine484@gmail.com', '$2a$12$TgA9QO6B7BpAbT2Yc0jJiOcg5NBFDCDsNavmQknQblZ2FvCIFvd1W', 'gaza', '2025-11-13 16:00:27.713743', '2025-11-13 16:00:27.713743', FALSE) RETURNING "id" /*action='sign_up',application='SwapGoods',controller='auth'*/[0m
  ↳ app/services/authentication/SignUpService.rb:5:in `call'
  [1m[36mTRANSACTION (5.7ms)[0m  [1m[35mCOMMIT /*action='sign_up',application='SwapGoods',controller='auth'*/[0m
  ↳ app/services/authentication/SignUpService.rb:5:in `call'
  Rendering layout layouts/mailer.html.erb
  Rendering user_mailer/confirm_email.html.erb within layouts/mailer
  Rendered user_mailer/confirm_email.html.erb within layouts/mailer (Duration: 9.4ms | GC: 0.0ms)
  Rendered layout layouts/mailer.html.erb (Duration: 17.2ms | GC: 0.0ms)
UserMailer#confirm_email: processed outbound mail in 254.8ms
Delivered mail 6916009c99d09_60b5678472932@manar-HP-255-G7-Notebook-PC.mail (4957.3ms)
Date: Thu, 13 Nov 2025 18:00:28 +0200
From: moonsunu746@gmail.com
To: ezzdine484@gmail.com
Message-ID: <6916009c99d09_60b5678472932@manar-HP-255-G7-Notebook-PC.mail>
Subject: Cofirm Your Email
MIME-Version: 1.0
Content-Type: text/html;
 charset=UTF-8
Content-Transfer-Encoding: 7bit

<!-- BEGIN app/views/layouts/mailer.html.erb --><!DOCTYPE html>
<html>
  <head>
    <meta http-equiv="Content-Type" content="text/html; charset=utf-8">
    <style>
      /* Email styles need to be inline */
    </style>
  </head>

  <body>
    <!-- BEGIN app/views/user_mailer/confirm_email.html.erb --><h1>Welcome to Example.com, ezzz!</h1>



<p>
  If you made this request, please click the link below to activate your account:
</p>

<p>
  <a href="https://your-frontend-app.com/verify-email?token=eyJfcmFpbHMiOnsiZGF0YSI6WzEwXSwiZXhwIjoiMjAyNS0xMS0xNFQxNjowMDoyNy43NDNaIiwicHVyIjoiVXNlclxudXNlcl9jb25maXJtYXRpb25cbjg2NDAwIn19--bb28cb0ff66e49298585eca6683c6a822529b650" 
     style="display:inline-block;
            background-color:#1a59a1;
            color:white;
            padding:10px 15px;
            text-decoration:none;
            border-radius:5px;">
    Confirm Your Email
  </a>
</p>

<p>
  If this is not you , you can safely ignore this email.
</p>

<p>Thank you,<br>The Example.com Team</p>
<!-- END app/views/user_mailer/confirm_email.html.erb -->
  </body>
</html>
<!-- END app/views/layouts/mailer.html.erb -->
Completed 201 Created in 6850ms (Views: 0.6ms | ActiveRecord: 75.3ms (3 queries, 0 cached) | GC: 4.4ms)


Started POST "/api/v1/auth/verifyEmail" for 127.0.0.1 at 2025-11-13 20:57:06 +0200
  [1m[36mActiveRecord::SchemaMigration Load (5.3ms)[0m  [1m[34mSELECT "schema_migrations"."version" FROM "schema_migrations" ORDER BY "schema_migrations"."version" ASC /*application='SwapGoods'*/[0m
Processing by Api::V1::AuthController#verify_email as */*
  Parameters: {"token"=>"[FILTERED]", "auth"=>{"token"=>"[FILTERED]"}}
Completed 500 Internal Server Error in 167ms (ActiveRecord: 67.5ms (0 queries, 0 cached) | GC: 4.1ms)


  
KeyError (key not found: :confirm_email):
  
app/services/authentication/email_verification_service.rb:4:in `call'
app/controllers/api/v1/auth_controller.rb:16:in `verify_email'
Started POST "/api/v1/auth/verifyEmail" for 127.0.0.1 at 2025-11-13 20:57:57 +0200
Processing by Api::V1::AuthController#verify_email as */*
  Parameters: {"token"=>"[FILTERED]", "auth"=>{"token"=>"[FILTERED]"}}
  [1m[36mUser Load (4.5ms)[0m  [1m[34mSELECT "users".* FROM "users" WHERE "users"."id" = 10 LIMIT 1 /*action='verify_email',application='SwapGoods',controller='auth'*/[0m
  ↳ app/services/authentication/email_verification_service.rb:4:in `call'
  [1m[36mTRANSACTION (1.6ms)[0m  [1m[35mBEGIN /*action='verify_email',application='SwapGoods',controller='auth'*/[0m
  ↳ app/services/authentication/email_verification_service.rb:20:in `call'
  [1m[36mUser Exists? (2.2ms)[0m  [1m[34mSELECT 1 AS one FROM "users" WHERE "users"."username" = 'ezzz' AND "users"."id" != 10 LIMIT 1 /*action='verify_email',application='SwapGoods',controller='auth'*/[0m
  ↳ app/services/authentication/email_verification_service.rb:20:in `call'
  [1m[36mUser Exists? (6.2ms)[0m  [1m[34mSELECT 1 AS one FROM "users" WHERE "users"."email_address" = 'ezzdine484@gmail.com' AND "users"."id" != 10 LIMIT 1 /*action='verify_email',application='SwapGoods',controller='auth'*/[0m
  ↳ app/services/authentication/email_verification_service.rb:20:in `call'
  [1m[36mUser Update (8.3ms)[0m  [1m[33mUPDATE "users" SET "updated_at" = '2025-11-13 18:57:58.339514', "verified" = TRUE WHERE "users"."id" = 10 /*action='verify_email',application='SwapGoods',controller='auth'*/[0m
  ↳ app/services/authentication/email_verification_service.rb:20:in `call'
  [1m[36mTRANSACTION (7.8ms)[0m  [1m[35mCOMMIT /*action='verify_email',application='SwapGoods',controller='auth'*/[0m
  ↳ app/services/authentication/email_verification_service.rb:20:in `call'
Completed 200 OK in 243ms (Views: 0.5ms | ActiveRecord: 56.5ms (4 queries, 0 cached) | GC: 0.0ms)


Started POST "/api/v1/auth/verifyEmail" for 127.0.0.1 at 2025-11-13 20:58:08 +0200
Processing by Api::V1::AuthController#verify_email as */*
  Parameters: {"token"=>"[FILTERED]", "auth"=>{"token"=>"[FILTERED]"}}
  [1m[36mUser Load (2.6ms)[0m  [1m[34mSELECT "users".* FROM "users" WHERE "users"."id" = 10 LIMIT 1 /*action='verify_email',application='SwapGoods',controller='auth'*/[0m
  ↳ app/services/authentication/email_verification_service.rb:4:in `call'
Completed 200 OK in 22ms (Views: 0.5ms | ActiveRecord: 2.5ms (1 query, 0 cached) | GC: 0.0ms)


Started POST "/api/v1/auth/verifyEmail" for 127.0.0.1 at 2025-11-13 20:58:13 +0200
Processing by Api::V1::AuthController#verify_email as */*
  Parameters: {"token"=>"[FILTERED]", "auth"=>{"token"=>"[FILTERED]"}}
  [1m[36mUser Load (0.9ms)[0m  [1m[34mSELECT "users".* FROM "users" WHERE "users"."id" = 10 LIMIT 1 /*action='verify_email',application='SwapGoods',controller='auth'*/[0m
  ↳ app/services/authentication/email_verification_service.rb:4:in `call'
Completed 200 OK in 13ms (Views: 0.3ms | ActiveRecord: 0.9ms (1 query, 0 cached) | GC: 0.0ms)


Started POST "/api/v1/auth/verifyEmail" for 127.0.0.1 at 2025-11-13 20:58:29 +0200
Processing by Api::V1::AuthController#verify_email as */*
  Parameters: {"token"=>"[FILTERED]", "auth"=>{"token"=>"[FILTERED]"}}
Completed 422 Unprocessable Content in 1ms (Views: 0.4ms | ActiveRecord: 0.0ms (0 queries, 0 cached) | GC: 0.0ms)


  [1m[36mUser Load (1.3ms)[0m  [1m[34mSELECT "users".* FROM "users" ORDER BY "users"."id" ASC LIMIT 1 /*application='SwapGoods'*/[0m
  [1m[36mUser Load (0.6ms)[0m  [1m[34mSELECT "users".* FROM "users" ORDER BY "users"."id" ASC LIMIT 1 /*application='SwapGoods'*/[0m
  [1m[36mUser Load (1.0ms)[0m  [1m[34mSELECT "users".* FROM "users" ORDER BY "users"."id" ASC LIMIT 1 /*application='SwapGoods'*/[0m
Started POST "/api/v1/auth/login" for 127.0.0.1 at 2025-11-13 21:26:10 +0200
Processing by Api::V1::AuthController#login as */*
  Parameters: {"user"=>{"username"=>"abood", "password"=>"[FILTERED]"}, "auth"=>{"user"=>{"username"=>"abood", "password"=>"[FILTERED]"}}}
  [1m[36mUser Load (1.8ms)[0m  [1m[34mSELECT "users".* FROM "users" WHERE "users"."username" = 'abood' LIMIT 1 /*action='login',application='SwapGoods',controller='auth'*/[0m
  ↳ app/services/authentication/login_service.rb:4:in `call'
Completed 422 Unprocessable Content in 454ms (Views: 0.4ms | ActiveRecord: 14.3ms (1 query, 0 cached) | GC: 0.8ms)


Started POST "/api/v1/auth/login" for 127.0.0.1 at 2025-11-13 21:27:28 +0200
  [1m[36mActiveRecord::SchemaMigration Load (1.5ms)[0m  [1m[34mSELECT "schema_migrations"."version" FROM "schema_migrations" ORDER BY "schema_migrations"."version" ASC /*application='SwapGoods'*/[0m
Processing by Api::V1::AuthController#login as */*
  Parameters: {"user"=>{"username"=>"abood", "password"=>"[FILTERED]"}, "auth"=>{"user"=>{"username"=>"abood", "password"=>"[FILTERED]"}}}
  [1m[36mUser Load (1.2ms)[0m  [1m[34mSELECT "users".* FROM "users" WHERE "users"."username" = 'abood' LIMIT 1 /*action='login',application='SwapGoods',controller='auth'*/[0m
  ↳ app/services/authentication/login_service.rb:4:in `call'
Completed 422 Unprocessable Content in 705ms (Views: 0.5ms | ActiveRecord: 34.2ms (1 query, 0 cached) | GC: 5.7ms)


Started POST "/api/v1/auth/login" for 127.0.0.1 at 2025-11-13 21:29:23 +0200
Processing by Api::V1::AuthController#login as */*
  Parameters: {"user"=>{"username"=>"abood", "password"=>"[FILTERED]"}, "auth"=>{"user"=>{"username"=>"abood", "password"=>"[FILTERED]"}}}
  [1m[36mUser Load (0.6ms)[0m  [1m[34mSELECT "users".* FROM "users" WHERE "users"."username" = 'abood' LIMIT 1 /*action='login',application='SwapGoods',controller='auth'*/[0m
  ↳ app/services/authentication/login_service.rb:4:in `call'
Completed 422 Unprocessable Content in 413ms (Views: 0.4ms | ActiveRecord: 7.0ms (1 query, 0 cached) | GC: 2.3ms)


Started POST "/api/v1/auth/login" for 127.0.0.1 at 2025-11-13 21:29:46 +0200
  [1m[36mActiveRecord::SchemaMigration Load (10.6ms)[0m  [1m[34mSELECT "schema_migrations"."version" FROM "schema_migrations" ORDER BY "schema_migrations"."version" ASC /*application='SwapGoods'*/[0m
Processing by Api::V1::AuthController#login as */*
  Parameters: {"user"=>{"username"=>"abood", "password"=>"[FILTERED]"}, "auth"=>{"user"=>{"username"=>"abood", "password"=>"[FILTERED]"}}}
  [1m[36mUser Load (5.4ms)[0m  [1m[34mSELECT "users".* FROM "users" WHERE "users"."username" = 'abood' LIMIT 1 /*action='login',application='SwapGoods',controller='auth'*/[0m
  ↳ app/services/authentication/login_service.rb:4:in `call'
Completed 422 Unprocessable Content in 695ms (Views: 0.6ms | ActiveRecord: 49.2ms (1 query, 0 cached) | GC: 4.6ms)


Started POST "/api/v1/auth/login" for 127.0.0.1 at 2025-11-13 21:30:55 +0200
Processing by Api::V1::AuthController#login as */*
  Parameters: {"user"=>{"username"=>"abood", "password"=>"[FILTERED]"}, "auth"=>{"user"=>{"username"=>"abood", "password"=>"[FILTERED]"}}}
  [1m[36mUser Load (0.8ms)[0m  [1m[34mSELECT "users".* FROM "users" WHERE "users"."username" = 'abood' LIMIT 1 /*action='login',application='SwapGoods',controller='auth'*/[0m
  ↳ app/services/authentication/login_service.rb:4:in `call'
Completed 401 Unauthorized in 975ms (Views: 0.5ms | ActiveRecord: 10.6ms (1 query, 0 cached) | GC: 3.4ms)


Started POST "/api/v1/auth/forgetPassword" for 127.0.0.1 at 2025-11-13 21:35:12 +0200
Processing by Api::V1::AuthController#forget_password as */*
  Parameters: {"forgot_params"=>{"email_address"=>"[FILTERED]"}, "auth"=>{"forgot_params"=>{"email_address"=>"[FILTERED]"}}}
  [1m[36mUser Load (1.9ms)[0m  [1m[34mSELECT "users".* FROM "users" WHERE "users"."email_address" = 'aboodea987654321@gmail.com' LIMIT 1 /*action='forget_password',application='SwapGoods',controller='auth'*/[0m
  ↳ app/controllers/api/v1/auth_controller.rb:33:in `forget_password'
  Rendering layout layouts/mailer.html.erb
  Rendering user_mailer/reset_password.html.erb within layouts/mailer
  Rendered user_mailer/reset_password.html.erb within layouts/mailer (Duration: 1.8ms | GC: 0.0ms)
  Rendered layout layouts/mailer.html.erb (Duration: 3.1ms | GC: 0.0ms)
  Rendering layout layouts/mailer.text.erb
  Rendering user_mailer/reset_password.text.erb within layouts/mailer
  Rendered user_mailer/reset_password.text.erb within layouts/mailer (Duration: 0.6ms | GC: 0.0ms)
  Rendered layout layouts/mailer.text.erb (Duration: 1.5ms | GC: 0.0ms)
UserMailer#reset_password: processed outbound mail in 80.0ms
Delivered mail 691632f0947dc_8f8368c47486b@manar-HP-255-G7-Notebook-PC.mail (3555.3ms)
Date: Thu, 13 Nov 2025 21:35:12 +0200
From: moonsunu746@gmail.com
To: aboodea987654321@gmail.com
Message-ID: <691632f0947dc_8f8368c47486b@manar-HP-255-G7-Notebook-PC.mail>
Subject: Reset Your Password
MIME-Version: 1.0
Content-Type: multipart/alternative;
 boundary="--==_mimepart_691632f08d78a_8f8368c47472e";
 charset=UTF-8
Content-Transfer-Encoding: 7bit


----==_mimepart_691632f08d78a_8f8368c47472e
Content-Type: text/plain;
 charset=UTF-8
Content-Transfer-Encoding: quoted-printable

Welcome to Example.com, abood!

We received a request to reset the password for your account.
If you made this request, please visit the following link to reset your p=
assword:

https://your-frontend-app.com/reset-password?token=3DeyJfcmFpbHMiOnsiZGF0=
YSI6WzldLCJleHAiOiIyMDI1LTExLTEzVDIwOjM1OjEyLjQzMVoiLCJwdXIiOiJVc2VyXG5yZ=
XNldF9wYXNzd29yZFxuMzYwMCJ9fQ=3D=3D--4d7eb326b386c3842c9b28df0d212f1725dc=
9fa4

If you didn=E2=80=99t request a password reset, please ignore this email.=

Your account will remain secure.

Thank you,
The Example.com Team


----==_mimepart_691632f08d78a_8f8368c47472e
Content-Type: text/html;
 charset=UTF-8
Content-Transfer-Encoding: quoted-printable

<!-- BEGIN app/views/layouts/mailer.html.erb --><!DOCTYPE html>
<html>
  <head>
    <meta http-equiv=3D"Content-Type" content=3D"text/html; charset=3Dutf=
-8">
    <style>
      /* Email styles need to be inline */
    </style>
  </head>

  <body>
    <!-- BEGIN app/views/user_mailer/reset_password.html.erb --><h1>Welco=
me to Example.com, abood!</h1>

<p>We received a request to reset your password.</p>

<p>
  If you made this request, please click the link below to reset your pas=
sword:
</p>

<p>
  <a href=3D"https://your-frontend-app.com/reset-password?token=3DeyJfcmF=
pbHMiOnsiZGF0YSI6WzldLCJleHAiOiIyMDI1LTExLTEzVDIwOjM1OjEyLjQzMVoiLCJwdXIi=
OiJVc2VyXG5yZXNldF9wYXNzd29yZFxuMzYwMCJ9fQ=3D=3D--4d7eb326b386c3842c9b28d=
f0d212f1725dc9fa4" =

     style=3D"display:inline-block;
            background-color:#147228;
            color:white;
            padding:10px 15px;
            text-decoration:none;
            border-radius:5px;">
    Reset Your Password
  </a>
</p>

<p>
  If you didn=E2=80=99t request a password reset, you can safely ignore t=
his email.
</p>

<p>Thank you,<br>The Example.com Team</p>
<!-- END app/views/user_mailer/reset_password.html.erb -->
  </body>
</html>
<!-- END app/views/layouts/mailer.html.erb -->=

----==_mimepart_691632f08d78a_8f8368c47472e--

Reset link: https://your-frontend-app.com/reset-password?token=eyJfcmFpbHMiOnsiZGF0YSI6WzldLCJleHAiOiIyMDI1LTExLTEzVDIwOjM1OjEyLjQzMVoiLCJwdXIiOiJVc2VyXG5yZXNldF9wYXNzd29yZFxuMzYwMCJ9fQ==--4d7eb326b386c3842c9b28df0d212f1725dc9fa4
Completed 200 OK in 3758ms (Views: 0.7ms | ActiveRecord: 11.0ms (1 query, 0 cached) | GC: 2.1ms)


Started PUT "/api/v1/auth/resetPassword" for 127.0.0.1 at 2025-11-13 21:39:47 +0200
Processing by Api::V1::AuthController#reset_password as */*
  Parameters: {"reset_params"=>{"token"=>"[FILTERED]", "password"=>"[FILTERED]", "password_confirmation"=>"[FILTERED]"}, "auth"=>{"reset_params"=>{"token"=>"[FILTERED]", "password"=>"[FILTERED]", "password_confirmation"=>"[FILTERED]"}}}
Completed 422 Unprocessable Content in 3ms (Views: 0.3ms | ActiveRecord: 0.0ms (0 queries, 0 cached) | GC: 0.0ms)


Started POST "/api/v1/auth/forgetPassword" for 127.0.0.1 at 2025-11-13 21:40:19 +0200
Processing by Api::V1::AuthController#forget_password as */*
  Parameters: {"user"=>{"email_address"=>"[FILTERED]"}, "auth"=>{"user"=>{"email_address"=>"[FILTERED]"}}}
Completed 400 Bad Request in 1ms (ActiveRecord: 0.0ms (0 queries, 0 cached) | GC: 0.0ms)


  
ActionController::ParameterMissing (param is missing or the value is empty or invalid: forgot_params):
  
app/controllers/api/v1/auth_controller.rb:88:in `forgot_password_params'
app/controllers/api/v1/auth_controller.rb:33:in `forget_password'
Started POST "/api/v1/auth/forgetPassword" for 127.0.0.1 at 2025-11-13 21:40:31 +0200
Processing by Api::V1::AuthController#forget_password as */*
  Parameters: {"forgot_params"=>{"email_address"=>"[FILTERED]"}, "auth"=>{"forgot_params"=>{"email_address"=>"[FILTERED]"}}}
  [1m[36mUser Load (4.1ms)[0m  [1m[34mSELECT "users".* FROM "users" WHERE "users"."email_address" = 'aboodea987654321@gmail.com' LIMIT 1 /*action='forget_password',application='SwapGoods',controller='auth'*/[0m
  ↳ app/controllers/api/v1/auth_controller.rb:33:in `forget_password'
  Rendering layout layouts/mailer.html.erb
  Rendering user_mailer/reset_password.html.erb within layouts/mailer
  Rendered user_mailer/reset_password.html.erb within layouts/mailer (Duration: 0.4ms | GC: 0.0ms)
  Rendered layout layouts/mailer.html.erb (Duration: 1.8ms | GC: 0.0ms)
  Rendering layout layouts/mailer.text.erb
  Rendering user_mailer/reset_password.text.erb within layouts/mailer
  Rendered user_mailer/reset_password.text.erb within layouts/mailer (Duration: 0.2ms | GC: 0.0ms)
  Rendered layout layouts/mailer.text.erb (Duration: 2.7ms | GC: 0.0ms)
UserMailer#reset_password: processed outbound mail in 18.3ms
Delivered mail 6916342f92e1f_8f834b7875092@manar-HP-255-G7-Notebook-PC.mail (5053.3ms)
Date: Thu, 13 Nov 2025 21:40:31 +0200
From: moonsunu746@gmail.com
To: aboodea987654321@gmail.com
Message-ID: <6916342f92e1f_8f834b7875092@manar-HP-255-G7-Notebook-PC.mail>
Subject: Reset Your Password
MIME-Version: 1.0
Content-Type: multipart/alternative;
 boundary="--==_mimepart_6916342f8eab9_8f834b78749ae";
 charset=UTF-8
Content-Transfer-Encoding: 7bit


----==_mimepart_6916342f8eab9_8f834b78749ae
Content-Type: text/plain;
 charset=UTF-8
Content-Transfer-Encoding: quoted-printable

Welcome to Example.com, abood!

We received a request to reset the password for your account.
If you made this request, please visit the following link to reset your p=
assword:

https://your-frontend-app.com/reset-password?token=3DeyJfcmFpbHMiOnsiZGF0=
YSI6WzldLCJleHAiOiIyMDI1LTExLTEzVDIwOjQwOjMxLjU3NFoiLCJwdXIiOiJVc2VyXG5yZ=
XNldF9wYXNzd29yZFxuMzYwMCJ9fQ=3D=3D--f7203ea121734624e8ec54383dfae1e38bbb=
8f6f

If you didn=E2=80=99t request a password reset, please ignore this email.=

Your account will remain secure.

Thank you,
The Example.com Team


----==_mimepart_6916342f8eab9_8f834b78749ae
Content-Type: text/html;
 charset=UTF-8
Content-Transfer-Encoding: quoted-printable

<!-- BEGIN app/views/layouts/mailer.html.erb --><!DOCTYPE html>
<html>
  <head>
    <meta http-equiv=3D"Content-Type" content=3D"text/html; charset=3Dutf=
-8">
    <style>
      /* Email styles need to be inline */
    </style>
  </head>

  <body>
    <!-- BEGIN app/views/user_mailer/reset_password.html.erb --><h1>Welco=
me to Example.com, abood!</h1>

<p>We received a request to reset your password.</p>

<p>
  If you made this request, please click the link below to reset your pas=
sword:
</p>

<p>
  <a href=3D"https://your-frontend-app.com/reset-password?token=3DeyJfcmF=
pbHMiOnsiZGF0YSI6WzldLCJleHAiOiIyMDI1LTExLTEzVDIwOjQwOjMxLjU3NFoiLCJwdXIi=
OiJVc2VyXG5yZXNldF9wYXNzd29yZFxuMzYwMCJ9fQ=3D=3D--f7203ea121734624e8ec543=
83dfae1e38bbb8f6f" =

     style=3D"display:inline-block;
            background-color:#147228;
            color:white;
            padding:10px 15px;
            text-decoration:none;
            border-radius:5px;">
    Reset Your Password
  </a>
</p>

<p>
  If you didn=E2=80=99t request a password reset, you can safely ignore t=
his email.
</p>

<p>Thank you,<br>The Example.com Team</p>
<!-- END app/views/user_mailer/reset_password.html.erb -->
  </body>
</html>
<!-- END app/views/layouts/mailer.html.erb -->=

----==_mimepart_6916342f8eab9_8f834b78749ae--

Reset link: https://your-frontend-app.com/reset-password?token=eyJfcmFpbHMiOnsiZGF0YSI6WzldLCJleHAiOiIyMDI1LTExLTEzVDIwOjQwOjMxLjU3NFoiLCJwdXIiOiJVc2VyXG5yZXNldF9wYXNzd29yZFxuMzYwMCJ9fQ==--f7203ea121734624e8ec54383dfae1e38bbb8f6f
Completed 200 OK in 5088ms (Views: 0.3ms | ActiveRecord: 4.0ms (1 query, 0 cached) | GC: 1.7ms)


Started PUT "/api/v1/auth/resetPassword" for 127.0.0.1 at 2025-11-13 21:42:55 +0200
Processing by Api::V1::AuthController#reset_password as */*
  Parameters: {"reset_params"=>{"token"=>"[FILTERED]", "password"=>"[FILTERED]", "password_confirmation"=>"[FILTERED]"}, "auth"=>{"reset_params"=>{"token"=>"[FILTERED]", "password"=>"[FILTERED]", "password_confirmation"=>"[FILTERED]"}}}
  [1m[36mUser Load (3.8ms)[0m  [1m[34mSELECT "users".* FROM "users" WHERE "users"."id" = 9 LIMIT 1 /*action='reset_password',application='SwapGoods',controller='auth'*/[0m
  ↳ app/controllers/api/v1/auth_controller.rb:52:in `reset_password'
  [1m[36mTRANSACTION (0.3ms)[0m  [1m[35mBEGIN /*action='reset_password',application='SwapGoods',controller='auth'*/[0m
  ↳ app/controllers/api/v1/auth_controller.rb:58:in `reset_password'
  [1m[36mUser Exists? (1.7ms)[0m  [1m[34mSELECT 1 AS one FROM "users" WHERE "users"."username" = 'abood' AND "users"."id" != 9 LIMIT 1 /*action='reset_password',application='SwapGoods',controller='auth'*/[0m
  ↳ app/controllers/api/v1/auth_controller.rb:58:in `reset_password'
  [1m[36mUser Exists? (4.6ms)[0m  [1m[34mSELECT 1 AS one FROM "users" WHERE "users"."email_address" = 'aboodea987654321@gmail.com' AND "users"."id" != 9 LIMIT 1 /*action='reset_password',application='SwapGoods',controller='auth'*/[0m
  ↳ app/controllers/api/v1/auth_controller.rb:58:in `reset_password'
  [1m[36mUser Update (5.8ms)[0m  [1m[33mUPDATE "users" SET "password_digest" = '$2a$12$N4U/BAsMqcpAPtT/lAZwkerHv2Kul/jMmQk4P6jdd9OzYVx3kDC7m', "updated_at" = '2025-11-13 19:42:55.872346' WHERE "users"."id" = 9 /*action='reset_password',application='SwapGoods',controller='auth'*/[0m
  ↳ app/controllers/api/v1/auth_controller.rb:58:in `reset_password'
  [1m[36mTRANSACTION (3.6ms)[0m  [1m[35mCOMMIT /*action='reset_password',application='SwapGoods',controller='auth'*/[0m
  ↳ app/controllers/api/v1/auth_controller.rb:58:in `reset_password'
Completed 200 OK in 713ms (Views: 3.4ms | ActiveRecord: 24.0ms (4 queries, 0 cached) | GC: 0.7ms)


Started POST "/api/v1/auth/login" for 127.0.0.1 at 2025-11-13 21:43:31 +0200
Processing by Api::V1::AuthController#login as */*
  Parameters: {"user"=>{"username"=>"abood", "password"=>"[FILTERED]"}, "auth"=>{"user"=>{"username"=>"abood", "password"=>"[FILTERED]"}}}
  [1m[36mUser Load (2.4ms)[0m  [1m[34mSELECT "users".* FROM "users" WHERE "users"."username" = 'abood' LIMIT 1 /*action='login',application='SwapGoods',controller='auth'*/[0m
  ↳ app/services/authentication/login_service.rb:4:in `call'
Completed 200 OK in 627ms (Views: 0.3ms | ActiveRecord: 2.3ms (1 query, 0 cached) | GC: 0.6ms)


Started GET "/api/v1/auth/me" for 127.0.0.1 at 2025-11-14 08:38:40 +0200
  [1m[36mActiveRecord::SchemaMigration Load (4.6ms)[0m  [1m[34mSELECT "schema_migrations"."version" FROM "schema_migrations" ORDER BY "schema_migrations"."version" ASC /*application='SwapGoods'*/[0m
Processing by Api::V1::AuthController#me as */*
Completed 401 Unauthorized in 6ms (Views: 0.5ms | ActiveRecord: 0.0ms (0 queries, 0 cached) | GC: 0.0ms)


  [1m[36mActiveRecord::SchemaMigration Load (1.0ms)[0m  [1m[34mSELECT "schema_migrations"."version" FROM "schema_migrations" ORDER BY "schema_migrations"."version" ASC /*application='SwapGoods'*/[0m
  [1m[36mActiveRecord::SchemaMigration Load (1.9ms)[0m  [1m[34mSELECT "schema_migrations"."version" FROM "schema_migrations" ORDER BY "schema_migrations"."version" ASC /*application='SwapGoods'*/[0m
  [1m[36mActiveRecord::SchemaMigration Load (2.5ms)[0m  [1m[34mSELECT "schema_migrations"."version" FROM "schema_migrations" ORDER BY "schema_migrations"."version" ASC /*application='SwapGoods'*/[0m
  [1m[36mActiveRecord::SchemaMigration Load (5.0ms)[0m  [1m[34mSELECT "schema_migrations"."version" FROM "schema_migrations" ORDER BY "schema_migrations"."version" ASC /*application='SwapGoods'*/[0m
  [1m[36mCACHE ActiveRecord::SchemaMigration Load (4.3ms)[0m  [1m[34mSELECT "schema_migrations"."version" FROM "schema_migrations" ORDER BY "schema_migrations"."version" ASC[0m
  [1m[35m (1.1ms)[0m  [1m[34mSELECT pg_try_advisory_lock(2883267396278098725) /*application='SwapGoods'*/[0m
  [1m[36mActiveRecord::SchemaMigration Load (4.9ms)[0m  [1m[34mSELECT "schema_migrations"."version" FROM "schema_migrations" ORDER BY "schema_migrations"."version" ASC /*application='SwapGoods'*/[0m
  [1m[36mActiveRecord::InternalMetadata Load (5.4ms)[0m  [1m[34mSELECT * FROM "ar_internal_metadata" WHERE "ar_internal_metadata"."key" = 'environment' ORDER BY "ar_internal_metadata"."key" ASC LIMIT 1 /*application='SwapGoods'*/[0m
Migrating to CreateItems (20251115064038)
  [1m[36mTRANSACTION (1.3ms)[0m  [1m[35mBEGIN /*application='SwapGoods'*/[0m
  [1m[35m (44.0ms)[0m  [1m[35mCREATE TABLE "items" ("id" bigserial primary key, "name" character varying, "description" text, "user_id" bigint NOT NULL, "status" integer DEFAULT 0, "created_at" timestamp(6) NOT NULL, "updated_at" timestamp(6) NOT NULL, CONSTRAINT "fk_rails_d4b6334db2"
FOREIGN KEY ("user_id")
  REFERENCES "users" ("id")
) /*application='SwapGoods'*/[0m
  [1m[35m (3.7ms)[0m  [1m[35mCREATE INDEX "index_items_on_user_id" ON "items" ("user_id") /*application='SwapGoods'*/[0m
  [1m[36mActiveRecord::SchemaMigration Create (1.1ms)[0m  [1m[32mINSERT INTO "schema_migrations" ("version") VALUES ('20251115064038') RETURNING "version" /*application='SwapGoods'*/[0m
  [1m[36mTRANSACTION (3.1ms)[0m  [1m[35mCOMMIT /*application='SwapGoods'*/[0m
  [1m[35m (1.2ms)[0m  [1m[34mSELECT pg_advisory_unlock(2883267396278098725) /*application='SwapGoods'*/[0m
  [1m[36mActiveRecord::SchemaMigration Load (1.2ms)[0m  [1m[34mSELECT "schema_migrations"."version" FROM "schema_migrations" ORDER BY "schema_migrations"."version" ASC /*application='SwapGoods'*/[0m
  [1m[36mActiveRecord::SchemaMigration Load (1.3ms)[0m  [1m[34mSELECT "schema_migrations"."version" FROM "schema_migrations" ORDER BY "schema_migrations"."version" ASC /*application='SwapGoods'*/[0m
  [1m[36mActiveRecord::SchemaMigration Load (0.9ms)[0m  [1m[34mSELECT "schema_migrations"."version" FROM "schema_migrations" ORDER BY "schema_migrations"."version" ASC /*application='SwapGoods'*/[0m
  [1m[36mCACHE ActiveRecord::SchemaMigration Load (2.1ms)[0m  [1m[34mSELECT "schema_migrations"."version" FROM "schema_migrations" ORDER BY "schema_migrations"."version" ASC[0m
Started GET "/items" for 127.0.0.1 at 2025-11-15 14:55:09 +0200
  [1m[36mActiveRecord::SchemaMigration Load (3.6ms)[0m  [1m[34mSELECT "schema_migrations"."version" FROM "schema_migrations" ORDER BY "schema_migrations"."version" ASC /*application='SwapGoods'*/[0m
  
ActiveRecord::PendingMigrationError (

Migrations are pending. To resolve this issue, run:

        bin/rails db:migrate

You have 1 pending migration:

db/migrate/20251115123242_create_active_storage_tables.active_storage.rb


):
  
activerecord (8.0.4) lib/active_record/migration.rb:742:in `check_pending_migrations'
activerecord (8.0.4) lib/active_record/migration.rb:659:in `block (2 levels) in call'
activesupport (8.0.4) lib/active_support/file_update_checker.rb:85:in `execute'
activerecord (8.0.4) lib/active_record/migration.rb:664:in `block in call'
activerecord (8.0.4) lib/active_record/migration.rb:656:in `synchronize'
activerecord (8.0.4) lib/active_record/migration.rb:656:in `call'
actionpack (8.0.4) lib/action_dispatch/middleware/callbacks.rb:31:in `block in call'
activesupport (8.0.4) lib/active_support/callbacks.rb:100:in `run_callbacks'
actionpack (8.0.4) lib/action_dispatch/middleware/callbacks.rb:30:in `call'
actionpack (8.0.4) lib/action_dispatch/middleware/executor.rb:16:in `call'
actionpack (8.0.4) lib/action_dispatch/middleware/actionable_exceptions.rb:18:in `call'
actionpack (8.0.4) lib/action_dispatch/middleware/debug_exceptions.rb:31:in `call'
actionpack (8.0.4) lib/action_dispatch/middleware/show_exceptions.rb:32:in `call'
railties (8.0.4) lib/rails/rack/logger.rb:41:in `call_app'
railties (8.0.4) lib/rails/rack/logger.rb:29:in `call'
actionpack (8.0.4) lib/action_dispatch/middleware/remote_ip.rb:96:in `call'
actionpack (8.0.4) lib/action_dispatch/middleware/request_id.rb:34:in `call'
rack (3.2.4) lib/rack/runtime.rb:24:in `call'
actionpack (8.0.4) lib/action_dispatch/middleware/server_timing.rb:61:in `block in call'
actionpack (8.0.4) lib/action_dispatch/middleware/server_timing.rb:26:in `collect_events'
actionpack (8.0.4) lib/action_dispatch/middleware/server_timing.rb:60:in `call'
actionpack (8.0.4) lib/action_dispatch/middleware/executor.rb:16:in `call'
actionpack (8.0.4) lib/action_dispatch/middleware/static.rb:27:in `call'
rack (3.2.4) lib/rack/sendfile.rb:131:in `call'
actionpack (8.0.4) lib/action_dispatch/middleware/host_authorization.rb:143:in `call'
railties (8.0.4) lib/rails/engine.rb:535:in `call'
puma (7.1.0) lib/puma/configuration.rb:300:in `call'
puma (7.1.0) lib/puma/request.rb:101:in `block in handle_request'
puma (7.1.0) lib/puma/thread_pool.rb:355:in `with_force_shutdown'
puma (7.1.0) lib/puma/request.rb:100:in `handle_request'
puma (7.1.0) lib/puma/server.rb:503:in `process_client'
puma (7.1.0) lib/puma/server.rb:262:in `block in run'
puma (7.1.0) lib/puma/thread_pool.rb:182:in `block in spawn_thread'
  [1m[35m (1.0ms)[0m  [1m[34mSELECT pg_try_advisory_lock(2883267396278098725) /*application='SwapGoods'*/[0m
  [1m[36mActiveRecord::SchemaMigration Load (0.9ms)[0m  [1m[34mSELECT "schema_migrations"."version" FROM "schema_migrations" ORDER BY "schema_migrations"."version" ASC /*application='SwapGoods'*/[0m
  [1m[36mActiveRecord::InternalMetadata Load (5.7ms)[0m  [1m[34mSELECT * FROM "ar_internal_metadata" WHERE "ar_internal_metadata"."key" = 'environment' ORDER BY "ar_internal_metadata"."key" ASC LIMIT 1 /*application='SwapGoods'*/[0m
Migrating to CreateActiveStorageTables (20251115123242)
  [1m[36mTRANSACTION (0.2ms)[0m  [1m[35mBEGIN /*application='SwapGoods'*/[0m
  [1m[35m (33.6ms)[0m  [1m[35mCREATE TABLE "active_storage_blobs" ("id" bigserial primary key, "key" character varying NOT NULL, "filename" character varying NOT NULL, "content_type" character varying, "metadata" text, "service_name" character varying NOT NULL, "byte_size" bigint NOT NULL, "checksum" character varying, "created_at" timestamp(6) NOT NULL) /*application='SwapGoods'*/[0m
  [1m[36mTRANSACTION (0.2ms)[0m  [1m[31mROLLBACK /*application='SwapGoods'*/[0m
  [1m[35m (0.6ms)[0m  [1m[34mSELECT pg_advisory_unlock(2883267396278098725) /*application='SwapGoods'*/[0m
  [1m[36mActiveRecord::SchemaMigration Load (1.0ms)[0m  [1m[34mSELECT "schema_migrations"."version" FROM "schema_migrations" ORDER BY "schema_migrations"."version" ASC /*application='SwapGoods'*/[0m
  [1m[36mActiveRecord::InternalMetadata Load (0.9ms)[0m  [1m[34mSELECT * FROM "ar_internal_metadata" WHERE "ar_internal_metadata"."key" = 'environment' ORDER BY "ar_internal_metadata"."key" ASC LIMIT 1 /*application='SwapGoods'*/[0m
  [1m[36mActiveRecord::SchemaMigration Load (0.3ms)[0m  [1m[34mSELECT "schema_migrations"."version" FROM "schema_migrations" ORDER BY "schema_migrations"."version" ASC /*application='SwapGoods'*/[0m
  [1m[36mActiveRecord::InternalMetadata Load (0.5ms)[0m  [1m[34mSELECT * FROM "ar_internal_metadata" WHERE "ar_internal_metadata"."key" = 'environment' ORDER BY "ar_internal_metadata"."key" ASC LIMIT 1 /*application='SwapGoods'*/[0m
  [1m[36mActiveRecord::SchemaMigration Load (0.4ms)[0m  [1m[34mSELECT "schema_migrations"."version" FROM "schema_migrations" ORDER BY "schema_migrations"."version" ASC /*application='SwapGoods'*/[0m
  [1m[36mActiveRecord::InternalMetadata Load (0.5ms)[0m  [1m[34mSELECT * FROM "ar_internal_metadata" WHERE "ar_internal_metadata"."key" = 'environment' ORDER BY "ar_internal_metadata"."key" ASC LIMIT 1 /*application='SwapGoods'*/[0m
  [1m[35mSQL (0.1ms)[0m  [1m[35mSET search_path TO public /*application='SwapGoods'*/[0m
  [1m[35m (104.4ms)[0m  [1m[35mDROP DATABASE IF EXISTS "blogdeploy_development" /*application='SwapGoods'*/[0m
  [1m[35mSQL (0.1ms)[0m  [1m[35mSET search_path TO public /*application='SwapGoods'*/[0m
  [1m[35m (18.9ms)[0m  [1m[35mDROP DATABASE IF EXISTS "blogdeploy_test" /*application='SwapGoods'*/[0m
  [1m[35mSQL (0.1ms)[0m  [1m[35mSET search_path TO public /*application='SwapGoods'*/[0m
  [1m[35m (284.5ms)[0m  [1m[35mCREATE DATABASE "blogdeploy_development" ENCODING = 'unicode' /*application='SwapGoods'*/[0m
  [1m[35mSQL (0.1ms)[0m  [1m[35mSET search_path TO public /*application='SwapGoods'*/[0m
  [1m[35m (98.2ms)[0m  [1m[35mCREATE DATABASE "blogdeploy_test" ENCODING = 'unicode' /*application='SwapGoods'*/[0m
  [1m[35mSQL (20.5ms)[0m  [1m[35mCREATE EXTENSION IF NOT EXISTS "plpgsql" SCHEMA pg_catalog /*application='SwapGoods'*/[0m
  [1m[35m (0.2ms)[0m  [1m[35mDROP TABLE IF EXISTS "active_storage_attachments" CASCADE /*application='SwapGoods'*/[0m
  [1m[35m (11.9ms)[0m  [1m[35mCREATE TABLE "active_storage_attachments" ("id" bigserial primary key, "name" character varying NOT NULL, "record_type" character varying NOT NULL, "record_id" bigint NOT NULL, "blob_id" bigint NOT NULL, "created_at" timestamp(6) NOT NULL) /*application='SwapGoods'*/[0m
  [1m[35m (4.7ms)[0m  [1m[35mCREATE INDEX "index_active_storage_attachments_on_blob_id" ON "active_storage_attachments" ("blob_id") /*application='SwapGoods'*/[0m
  [1m[35m (5.7ms)[0m  [1m[35mCREATE UNIQUE INDEX "index_active_storage_attachments_uniqueness" ON "active_storage_attachments" ("record_type", "record_id", "name", "blob_id") /*application='SwapGoods'*/[0m
  [1m[35m (0.3ms)[0m  [1m[35mDROP TABLE IF EXISTS "active_storage_blobs" CASCADE /*application='SwapGoods'*/[0m
  [1m[35m (16.0ms)[0m  [1m[35mCREATE TABLE "active_storage_blobs" ("id" bigserial primary key, "key" character varying NOT NULL, "filename" character varying NOT NULL, "content_type" character varying, "metadata" text, "service_name" character varying NOT NULL, "byte_size" bigint NOT NULL, "checksum" character varying, "created_at" timestamp(6) NOT NULL) /*application='SwapGoods'*/[0m
  [1m[35m (5.6ms)[0m  [1m[35mCREATE UNIQUE INDEX "index_active_storage_blobs_on_key" ON "active_storage_blobs" ("key") /*application='SwapGoods'*/[0m
  [1m[35m (0.9ms)[0m  [1m[35mDROP TABLE IF EXISTS "active_storage_variant_records" CASCADE /*application='SwapGoods'*/[0m
  [1m[35m (12.0ms)[0m  [1m[35mCREATE TABLE "active_storage_variant_records" ("id" bigserial primary key, "blob_id" bigint NOT NULL, "variation_digest" character varying NOT NULL) /*application='SwapGoods'*/[0m
  [1m[35m (7.6ms)[0m  [1m[35mCREATE UNIQUE INDEX "index_active_storage_variant_records_uniqueness" ON "active_storage_variant_records" ("blob_id", "variation_digest") /*application='SwapGoods'*/[0m
  [1m[35m (0.3ms)[0m  [1m[35mDROP TABLE IF EXISTS "items" CASCADE /*application='SwapGoods'*/[0m
  [1m[35m (172.8ms)[0m  [1m[35mCREATE TABLE "items" ("id" bigserial primary key, "name" character varying, "description" text, "user_id" bigint NOT NULL, "status" integer DEFAULT 0, "created_at" timestamp(6) NOT NULL, "updated_at" timestamp(6) NOT NULL) /*application='SwapGoods'*/[0m
  [1m[35m (4.5ms)[0m  [1m[35mCREATE INDEX "index_items_on_user_id" ON "items" ("user_id") /*application='SwapGoods'*/[0m
  [1m[35m (0.3ms)[0m  [1m[35mDROP TABLE IF EXISTS "posts" CASCADE /*application='SwapGoods'*/[0m
  [1m[35m (20.1ms)[0m  [1m[35mCREATE TABLE "posts" ("id" bigserial primary key, "title" character varying, "content" character varying, "created_at" timestamp(6) NOT NULL, "updated_at" timestamp(6) NOT NULL) /*application='SwapGoods'*/[0m
  [1m[35m (0.3ms)[0m  [1m[35mDROP TABLE IF EXISTS "users" CASCADE /*application='SwapGoods'*/[0m
  [1m[35m (8.2ms)[0m  [1m[35mCREATE TABLE "users" ("id" bigserial primary key, "username" character varying, "email_address" character varying, "password_digest" character varying, "location" character varying, "created_at" timestamp(6) NOT NULL, "updated_at" timestamp(6) NOT NULL, "verified" boolean DEFAULT FALSE) /*application='SwapGoods'*/[0m
  [1m[35m (4.0ms)[0m  [1m[35mALTER TABLE "active_storage_attachments" ADD CONSTRAINT "fk_rails_c3b3935057"
FOREIGN KEY ("blob_id")
  REFERENCES "active_storage_blobs" ("id")
 /*application='SwapGoods'*/[0m
  [1m[35m (2.5ms)[0m  [1m[35mALTER TABLE "active_storage_variant_records" ADD CONSTRAINT "fk_rails_993965df05"
FOREIGN KEY ("blob_id")
  REFERENCES "active_storage_blobs" ("id")
 /*application='SwapGoods'*/[0m
  [1m[35m (6.9ms)[0m  [1m[35mALTER TABLE "items" ADD CONSTRAINT "fk_rails_d4b6334db2"
FOREIGN KEY ("user_id")
  REFERENCES "users" ("id")
 /*application='SwapGoods'*/[0m
  [1m[35m (13.7ms)[0m  [1m[35mCREATE TABLE "schema_migrations" ("version" character varying NOT NULL PRIMARY KEY) /*application='SwapGoods'*/[0m
  [1m[36mActiveRecord::SchemaMigration Load (0.7ms)[0m  [1m[34mSELECT "schema_migrations"."version" FROM "schema_migrations" ORDER BY "schema_migrations"."version" ASC /*application='SwapGoods'*/[0m
  [1m[35m (2.9ms)[0m  [1m[32mINSERT INTO "schema_migrations" (version) VALUES (20251115064038) /*application='SwapGoods'*/[0m
  [1m[35m (1.2ms)[0m  [1m[32mINSERT INTO "schema_migrations" (version) VALUES
(20251113065108),
(20251111082100); /*application='SwapGoods'*/[0m
  [1m[35m (6.6ms)[0m  [1m[35mCREATE TABLE "ar_internal_metadata" ("key" character varying NOT NULL PRIMARY KEY, "value" character varying, "created_at" timestamp(6) NOT NULL, "updated_at" timestamp(6) NOT NULL) /*application='SwapGoods'*/[0m
  [1m[36mActiveRecord::InternalMetadata Load (0.9ms)[0m  [1m[34mSELECT * FROM "ar_internal_metadata" WHERE "ar_internal_metadata"."key" = 'environment' ORDER BY "ar_internal_metadata"."key" ASC LIMIT 1 /*application='SwapGoods'*/[0m
  [1m[36mActiveRecord::InternalMetadata Create (2.0ms)[0m  [1m[32mINSERT INTO "ar_internal_metadata" ("key", "value", "created_at", "updated_at") VALUES ('environment', 'development', '2025-11-15 12:55:53.271524', '2025-11-15 12:55:53.271529') RETURNING "key" /*application='SwapGoods'*/[0m
  [1m[36mActiveRecord::InternalMetadata Load (0.3ms)[0m  [1m[34mSELECT * FROM "ar_internal_metadata" WHERE "ar_internal_metadata"."key" = 'environment' ORDER BY "ar_internal_metadata"."key" ASC LIMIT 1 /*application='SwapGoods'*/[0m
  [1m[36mActiveRecord::InternalMetadata Load (0.3ms)[0m  [1m[34mSELECT * FROM "ar_internal_metadata" WHERE "ar_internal_metadata"."key" = 'schema_sha1' ORDER BY "ar_internal_metadata"."key" ASC LIMIT 1 /*application='SwapGoods'*/[0m
  [1m[36mActiveRecord::InternalMetadata Create (4.1ms)[0m  [1m[32mINSERT INTO "ar_internal_metadata" ("key", "value", "created_at", "updated_at") VALUES ('schema_sha1', '7b7a5c2a9c1195822b89bf7c384abca740d56792', '2025-11-15 12:55:53.280135', '2025-11-15 12:55:53.280139') RETURNING "key" /*application='SwapGoods'*/[0m
  [1m[35mSQL (17.2ms)[0m  [1m[35mCREATE EXTENSION IF NOT EXISTS "plpgsql" SCHEMA pg_catalog /*application='SwapGoods'*/[0m
  [1m[35m (0.2ms)[0m  [1m[35mDROP TABLE IF EXISTS "active_storage_attachments" CASCADE /*application='SwapGoods'*/[0m
  [1m[35m (13.2ms)[0m  [1m[35mCREATE TABLE "active_storage_attachments" ("id" bigserial primary key, "name" character varying NOT NULL, "record_type" character varying NOT NULL, "record_id" bigint NOT NULL, "blob_id" bigint NOT NULL, "created_at" timestamp(6) NOT NULL) /*application='SwapGoods'*/[0m
  [1m[35m (5.7ms)[0m  [1m[35mCREATE INDEX "index_active_storage_attachments_on_blob_id" ON "active_storage_attachments" ("blob_id") /*application='SwapGoods'*/[0m
  [1m[35m (3.7ms)[0m  [1m[35mCREATE UNIQUE INDEX "index_active_storage_attachments_uniqueness" ON "active_storage_attachments" ("record_type", "record_id", "name", "blob_id") /*application='SwapGoods'*/[0m
  [1m[35m (0.3ms)[0m  [1m[35mDROP TABLE IF EXISTS "active_storage_blobs" CASCADE /*application='SwapGoods'*/[0m
  [1m[35m (9.5ms)[0m  [1m[35mCREATE TABLE "active_storage_blobs" ("id" bigserial primary key, "key" character varying NOT NULL, "filename" character varying NOT NULL, "content_type" character varying, "metadata" text, "service_name" character varying NOT NULL, "byte_size" bigint NOT NULL, "checksum" character varying, "created_at" timestamp(6) NOT NULL) /*application='SwapGoods'*/[0m
  [1m[35m (4.9ms)[0m  [1m[35mCREATE UNIQUE INDEX "index_active_storage_blobs_on_key" ON "active_storage_blobs" ("key") /*application='SwapGoods'*/[0m
  [1m[35m (0.3ms)[0m  [1m[35mDROP TABLE IF EXISTS "active_storage_variant_records" CASCADE /*application='SwapGoods'*/[0m
  [1m[35m (8.1ms)[0m  [1m[35mCREATE TABLE "active_storage_variant_records" ("id" bigserial primary key, "blob_id" bigint NOT NULL, "variation_digest" character varying NOT NULL) /*application='SwapGoods'*/[0m
  [1m[35m (4.1ms)[0m  [1m[35mCREATE UNIQUE INDEX "index_active_storage_variant_records_uniqueness" ON "active_storage_variant_records" ("blob_id", "variation_digest") /*application='SwapGoods'*/[0m
  [1m[35m (0.3ms)[0m  [1m[35mDROP TABLE IF EXISTS "items" CASCADE /*application='SwapGoods'*/[0m
  [1m[35m (17.0ms)[0m  [1m[35mCREATE TABLE "items" ("id" bigserial primary key, "name" character varying, "description" text, "user_id" bigint NOT NULL, "status" integer DEFAULT 0, "created_at" timestamp(6) NOT NULL, "updated_at" timestamp(6) NOT NULL) /*application='SwapGoods'*/[0m
  [1m[35m (5.5ms)[0m  [1m[35mCREATE INDEX "index_items_on_user_id" ON "items" ("user_id") /*application='SwapGoods'*/[0m
  [1m[35m (0.3ms)[0m  [1m[35mDROP TABLE IF EXISTS "posts" CASCADE /*application='SwapGoods'*/[0m
  [1m[35m (8.6ms)[0m  [1m[35mCREATE TABLE "posts" ("id" bigserial primary key, "title" character varying, "content" character varying, "created_at" timestamp(6) NOT NULL, "updated_at" timestamp(6) NOT NULL) /*application='SwapGoods'*/[0m
  [1m[35m (0.3ms)[0m  [1m[35mDROP TABLE IF EXISTS "users" CASCADE /*application='SwapGoods'*/[0m
  [1m[35m (8.3ms)[0m  [1m[35mCREATE TABLE "users" ("id" bigserial primary key, "username" character varying, "email_address" character varying, "password_digest" character varying, "location" character varying, "created_at" timestamp(6) NOT NULL, "updated_at" timestamp(6) NOT NULL, "verified" boolean DEFAULT FALSE) /*application='SwapGoods'*/[0m
  [1m[35m (3.4ms)[0m  [1m[35mALTER TABLE "active_storage_attachments" ADD CONSTRAINT "fk_rails_c3b3935057"
FOREIGN KEY ("blob_id")
  REFERENCES "active_storage_blobs" ("id")
 /*application='SwapGoods'*/[0m
  [1m[35m (3.7ms)[0m  [1m[35mALTER TABLE "active_storage_variant_records" ADD CONSTRAINT "fk_rails_993965df05"
FOREIGN KEY ("blob_id")
  REFERENCES "active_storage_blobs" ("id")
 /*application='SwapGoods'*/[0m
  [1m[35m (3.5ms)[0m  [1m[35mALTER TABLE "items" ADD CONSTRAINT "fk_rails_d4b6334db2"
FOREIGN KEY ("user_id")
  REFERENCES "users" ("id")
 /*application='SwapGoods'*/[0m
  [1m[35m (15.3ms)[0m  [1m[35mCREATE TABLE "schema_migrations" ("version" character varying NOT NULL PRIMARY KEY) /*application='SwapGoods'*/[0m
  [1m[36mActiveRecord::SchemaMigration Load (0.7ms)[0m  [1m[34mSELECT "schema_migrations"."version" FROM "schema_migrations" ORDER BY "schema_migrations"."version" ASC /*application='SwapGoods'*/[0m
  [1m[35m (1.4ms)[0m  [1m[32mINSERT INTO "schema_migrations" (version) VALUES (20251115064038) /*application='SwapGoods'*/[0m
  [1m[35m (1.1ms)[0m  [1m[32mINSERT INTO "schema_migrations" (version) VALUES
(20251113065108),
(20251111082100); /*application='SwapGoods'*/[0m
  [1m[35m (7.9ms)[0m  [1m[35mCREATE TABLE "ar_internal_metadata" ("key" character varying NOT NULL PRIMARY KEY, "value" character varying, "created_at" timestamp(6) NOT NULL, "updated_at" timestamp(6) NOT NULL) /*application='SwapGoods'*/[0m
  [1m[36mActiveRecord::InternalMetadata Load (1.7ms)[0m  [1m[34mSELECT * FROM "ar_internal_metadata" WHERE "ar_internal_metadata"."key" = 'environment' ORDER BY "ar_internal_metadata"."key" ASC LIMIT 1 /*application='SwapGoods'*/[0m
  [1m[36mActiveRecord::InternalMetadata Create (1.8ms)[0m  [1m[32mINSERT INTO "ar_internal_metadata" ("key", "value", "created_at", "updated_at") VALUES ('environment', 'development', '2025-11-15 12:55:53.513430', '2025-11-15 12:55:53.513434') RETURNING "key" /*application='SwapGoods'*/[0m
  [1m[36mActiveRecord::InternalMetadata Load (0.3ms)[0m  [1m[34mSELECT * FROM "ar_internal_metadata" WHERE "ar_internal_metadata"."key" = 'environment' ORDER BY "ar_internal_metadata"."key" ASC LIMIT 1 /*application='SwapGoods'*/[0m
  [1m[36mActiveRecord::InternalMetadata Update (1.7ms)[0m  [1m[33mUPDATE "ar_internal_metadata" SET "value" = 'test', "updated_at" = '2025-11-15 12:55:53.520072' WHERE "ar_internal_metadata"."key" = 'environment' /*application='SwapGoods'*/[0m
  [1m[36mActiveRecord::InternalMetadata Load (0.7ms)[0m  [1m[34mSELECT * FROM "ar_internal_metadata" WHERE "ar_internal_metadata"."key" = 'schema_sha1' ORDER BY "ar_internal_metadata"."key" ASC LIMIT 1 /*application='SwapGoods'*/[0m
  [1m[36mActiveRecord::InternalMetadata Create (1.5ms)[0m  [1m[32mINSERT INTO "ar_internal_metadata" ("key", "value", "created_at", "updated_at") VALUES ('schema_sha1', '7b7a5c2a9c1195822b89bf7c384abca740d56792', '2025-11-15 12:55:53.528128', '2025-11-15 12:55:53.528132') RETURNING "key" /*application='SwapGoods'*/[0m
  [1m[36mActiveRecord::SchemaMigration Load (0.7ms)[0m  [1m[34mSELECT "schema_migrations"."version" FROM "schema_migrations" ORDER BY "schema_migrations"."version" ASC /*application='SwapGoods'*/[0m
  [1m[35m (0.2ms)[0m  [1m[34mSELECT pg_try_advisory_lock(2883267396278098725) /*application='SwapGoods'*/[0m
  [1m[36mActiveRecord::SchemaMigration Load (1.1ms)[0m  [1m[34mSELECT "schema_migrations"."version" FROM "schema_migrations" ORDER BY "schema_migrations"."version" ASC /*application='SwapGoods'*/[0m
  [1m[36mActiveRecord::InternalMetadata Load (1.0ms)[0m  [1m[34mSELECT * FROM "ar_internal_metadata" WHERE "ar_internal_metadata"."key" = 'environment' ORDER BY "ar_internal_metadata"."key" ASC LIMIT 1 /*application='SwapGoods'*/[0m
Migrating to CreateActiveStorageTables (20251115123242)
  [1m[36mTRANSACTION (0.2ms)[0m  [1m[35mBEGIN /*application='SwapGoods'*/[0m
  [1m[35m (5.9ms)[0m  [1m[35mCREATE TABLE "active_storage_blobs" ("id" bigserial primary key, "key" character varying NOT NULL, "filename" character varying NOT NULL, "content_type" character varying, "metadata" text, "service_name" character varying NOT NULL, "byte_size" bigint NOT NULL, "checksum" character varying, "created_at" timestamp(6) NOT NULL) /*application='SwapGoods'*/[0m
  [1m[36mTRANSACTION (0.3ms)[0m  [1m[31mROLLBACK /*application='SwapGoods'*/[0m
  [1m[35m (0.8ms)[0m  [1m[34mSELECT pg_advisory_unlock(2883267396278098725) /*application='SwapGoods'*/[0m
  [1m[36mActiveRecord::SchemaMigration Load (1.0ms)[0m  [1m[34mSELECT "schema_migrations"."version" FROM "schema_migrations" ORDER BY "schema_migrations"."version" ASC /*application='SwapGoods'*/[0m
  [1m[36mActiveRecord::InternalMetadata Load (1.4ms)[0m  [1m[34mSELECT * FROM "ar_internal_metadata" WHERE "ar_internal_metadata"."key" = 'environment' ORDER BY "ar_internal_metadata"."key" ASC LIMIT 1 /*application='SwapGoods'*/[0m
  [1m[36mActiveRecord::SchemaMigration Load (0.3ms)[0m  [1m[34mSELECT "schema_migrations"."version" FROM "schema_migrations" ORDER BY "schema_migrations"."version" ASC /*application='SwapGoods'*/[0m
  [1m[36mActiveRecord::InternalMetadata Load (0.6ms)[0m  [1m[34mSELECT * FROM "ar_internal_metadata" WHERE "ar_internal_metadata"."key" = 'environment' ORDER BY "ar_internal_metadata"."key" ASC LIMIT 1 /*application='SwapGoods'*/[0m
  [1m[36mActiveRecord::SchemaMigration Load (0.3ms)[0m  [1m[34mSELECT "schema_migrations"."version" FROM "schema_migrations" ORDER BY "schema_migrations"."version" ASC /*application='SwapGoods'*/[0m
  [1m[36mActiveRecord::InternalMetadata Load (0.4ms)[0m  [1m[34mSELECT * FROM "ar_internal_metadata" WHERE "ar_internal_metadata"."key" = 'environment' ORDER BY "ar_internal_metadata"."key" ASC LIMIT 1 /*application='SwapGoods'*/[0m
  [1m[35mSQL (0.1ms)[0m  [1m[35mSET search_path TO public /*application='SwapGoods'*/[0m
  [1m[35m (122.8ms)[0m  [1m[35mDROP DATABASE IF EXISTS "blogdeploy_development" /*application='SwapGoods'*/[0m
  [1m[35mSQL (0.1ms)[0m  [1m[35mSET search_path TO public /*application='SwapGoods'*/[0m
  [1m[35m (59.7ms)[0m  [1m[35mDROP DATABASE IF EXISTS "blogdeploy_test" /*application='SwapGoods'*/[0m
  [1m[35mSQL (0.1ms)[0m  [1m[35mSET search_path TO public /*application='SwapGoods'*/[0m
  [1m[35m (96.3ms)[0m  [1m[35mCREATE DATABASE "blogdeploy_development" ENCODING = 'unicode' /*application='SwapGoods'*/[0m
  [1m[35mSQL (0.8ms)[0m  [1m[35mSET search_path TO public /*application='SwapGoods'*/[0m
  [1m[35m (103.5ms)[0m  [1m[35mCREATE DATABASE "blogdeploy_test" ENCODING = 'unicode' /*application='SwapGoods'*/[0m
  [1m[35mSQL (0.6ms)[0m  [1m[35mCREATE EXTENSION IF NOT EXISTS "plpgsql" SCHEMA pg_catalog /*application='SwapGoods'*/[0m
  [1m[35m (0.1ms)[0m  [1m[35mDROP TABLE IF EXISTS "active_storage_attachments" CASCADE /*application='SwapGoods'*/[0m
  [1m[35m (14.2ms)[0m  [1m[35mCREATE TABLE "active_storage_attachments" ("id" bigserial primary key, "name" character varying NOT NULL, "record_type" character varying NOT NULL, "record_id" bigint NOT NULL, "blob_id" bigint NOT NULL, "created_at" timestamp(6) NOT NULL) /*application='SwapGoods'*/[0m
  [1m[35m (3.6ms)[0m  [1m[35mCREATE INDEX "index_active_storage_attachments_on_blob_id" ON "active_storage_attachments" ("blob_id") /*application='SwapGoods'*/[0m
  [1m[35m (5.2ms)[0m  [1m[35mCREATE UNIQUE INDEX "index_active_storage_attachments_uniqueness" ON "active_storage_attachments" ("record_type", "record_id", "name", "blob_id") /*application='SwapGoods'*/[0m
  [1m[35m (0.4ms)[0m  [1m[35mDROP TABLE IF EXISTS "active_storage_blobs" CASCADE /*application='SwapGoods'*/[0m
  [1m[35m (15.4ms)[0m  [1m[35mCREATE TABLE "active_storage_blobs" ("id" bigserial primary key, "key" character varying NOT NULL, "filename" character varying NOT NULL, "content_type" character varying, "metadata" text, "service_name" character varying NOT NULL, "byte_size" bigint NOT NULL, "checksum" character varying, "created_at" timestamp(6) NOT NULL) /*application='SwapGoods'*/[0m
  [1m[35m (6.6ms)[0m  [1m[35mCREATE UNIQUE INDEX "index_active_storage_blobs_on_key" ON "active_storage_blobs" ("key") /*application='SwapGoods'*/[0m
  [1m[35m (0.3ms)[0m  [1m[35mDROP TABLE IF EXISTS "active_storage_variant_records" CASCADE /*application='SwapGoods'*/[0m
  [1m[35m (7.9ms)[0m  [1m[35mCREATE TABLE "active_storage_variant_records" ("id" bigserial primary key, "blob_id" bigint NOT NULL, "variation_digest" character varying NOT NULL) /*application='SwapGoods'*/[0m
  [1m[35m (4.5ms)[0m  [1m[35mCREATE UNIQUE INDEX "index_active_storage_variant_records_uniqueness" ON "active_storage_variant_records" ("blob_id", "variation_digest") /*application='SwapGoods'*/[0m
  [1m[35m (0.3ms)[0m  [1m[35mDROP TABLE IF EXISTS "items" CASCADE /*application='SwapGoods'*/[0m
  [1m[35m (8.7ms)[0m  [1m[35mCREATE TABLE "items" ("id" bigserial primary key, "name" character varying, "description" text, "user_id" bigint NOT NULL, "status" integer DEFAULT 0, "created_at" timestamp(6) NOT NULL, "updated_at" timestamp(6) NOT NULL) /*application='SwapGoods'*/[0m
  [1m[35m (9.5ms)[0m  [1m[35mCREATE INDEX "index_items_on_user_id" ON "items" ("user_id") /*application='SwapGoods'*/[0m
  [1m[35m (0.3ms)[0m  [1m[35mDROP TABLE IF EXISTS "posts" CASCADE /*application='SwapGoods'*/[0m
  [1m[35m (9.5ms)[0m  [1m[35mCREATE TABLE "posts" ("id" bigserial primary key, "title" character varying, "content" character varying, "created_at" timestamp(6) NOT NULL, "updated_at" timestamp(6) NOT NULL) /*application='SwapGoods'*/[0m
  [1m[35m (0.4ms)[0m  [1m[35mDROP TABLE IF EXISTS "users" CASCADE /*application='SwapGoods'*/[0m
  [1m[35m (11.1ms)[0m  [1m[35mCREATE TABLE "users" ("id" bigserial primary key, "username" character varying, "email_address" character varying, "password_digest" character varying, "location" character varying, "created_at" timestamp(6) NOT NULL, "updated_at" timestamp(6) NOT NULL, "verified" boolean DEFAULT FALSE) /*application='SwapGoods'*/[0m
  [1m[35m (3.8ms)[0m  [1m[35mALTER TABLE "active_storage_attachments" ADD CONSTRAINT "fk_rails_c3b3935057"
FOREIGN KEY ("blob_id")
  REFERENCES "active_storage_blobs" ("id")
 /*application='SwapGoods'*/[0m
  [1m[35m (3.1ms)[0m  [1m[35mALTER TABLE "active_storage_variant_records" ADD CONSTRAINT "fk_rails_993965df05"
FOREIGN KEY ("blob_id")
  REFERENCES "active_storage_blobs" ("id")
 /*application='SwapGoods'*/[0m
  [1m[35m (3.6ms)[0m  [1m[35mALTER TABLE "items" ADD CONSTRAINT "fk_rails_d4b6334db2"
FOREIGN KEY ("user_id")
  REFERENCES "users" ("id")
 /*application='SwapGoods'*/[0m
  [1m[35m (9.1ms)[0m  [1m[35mCREATE TABLE "schema_migrations" ("version" character varying NOT NULL PRIMARY KEY) /*application='SwapGoods'*/[0m
  [1m[36mActiveRecord::SchemaMigration Load (0.9ms)[0m  [1m[34mSELECT "schema_migrations"."version" FROM "schema_migrations" ORDER BY "schema_migrations"."version" ASC /*application='SwapGoods'*/[0m
  [1m[35m (2.1ms)[0m  [1m[32mINSERT INTO "schema_migrations" (version) VALUES (20251115064038) /*application='SwapGoods'*/[0m
  [1m[35m (1.3ms)[0m  [1m[32mINSERT INTO "schema_migrations" (version) VALUES
(20251113065108),
(20251111082100); /*application='SwapGoods'*/[0m
  [1m[35m (8.2ms)[0m  [1m[35mCREATE TABLE "ar_internal_metadata" ("key" character varying NOT NULL PRIMARY KEY, "value" character varying, "created_at" timestamp(6) NOT NULL, "updated_at" timestamp(6) NOT NULL) /*application='SwapGoods'*/[0m
  [1m[36mActiveRecord::InternalMetadata Load (1.4ms)[0m  [1m[34mSELECT * FROM "ar_internal_metadata" WHERE "ar_internal_metadata"."key" = 'environment' ORDER BY "ar_internal_metadata"."key" ASC LIMIT 1 /*application='SwapGoods'*/[0m
  [1m[36mActiveRecord::InternalMetadata Create (1.7ms)[0m  [1m[32mINSERT INTO "ar_internal_metadata" ("key", "value", "created_at", "updated_at") VALUES ('environment', 'development', '2025-11-15 12:56:31.871847', '2025-11-15 12:56:31.871852') RETURNING "key" /*application='SwapGoods'*/[0m
  [1m[36mActiveRecord::InternalMetadata Load (0.2ms)[0m  [1m[34mSELECT * FROM "ar_internal_metadata" WHERE "ar_internal_metadata"."key" = 'environment' ORDER BY "ar_internal_metadata"."key" ASC LIMIT 1 /*application='SwapGoods'*/[0m
  [1m[36mActiveRecord::InternalMetadata Load (0.3ms)[0m  [1m[34mSELECT * FROM "ar_internal_metadata" WHERE "ar_internal_metadata"."key" = 'schema_sha1' ORDER BY "ar_internal_metadata"."key" ASC LIMIT 1 /*application='SwapGoods'*/[0m
  [1m[36mActiveRecord::InternalMetadata Create (1.4ms)[0m  [1m[32mINSERT INTO "ar_internal_metadata" ("key", "value", "created_at", "updated_at") VALUES ('schema_sha1', '7b7a5c2a9c1195822b89bf7c384abca740d56792', '2025-11-15 12:56:31.879401', '2025-11-15 12:56:31.879405') RETURNING "key" /*application='SwapGoods'*/[0m
  [1m[35m (0.3ms)[0m  [1m[34mSELECT pg_try_advisory_lock(2883267396278098725) /*application='SwapGoods'*/[0m
  [1m[36mActiveRecord::SchemaMigration Load (0.4ms)[0m  [1m[34mSELECT "schema_migrations"."version" FROM "schema_migrations" ORDER BY "schema_migrations"."version" ASC /*application='SwapGoods'*/[0m
  [1m[36mActiveRecord::InternalMetadata Load (0.5ms)[0m  [1m[34mSELECT * FROM "ar_internal_metadata" WHERE "ar_internal_metadata"."key" = 'environment' ORDER BY "ar_internal_metadata"."key" ASC LIMIT 1 /*application='SwapGoods'*/[0m
Migrating to CreateActiveStorageTables (20251115123242)
  [1m[36mTRANSACTION (0.2ms)[0m  [1m[35mBEGIN /*application='SwapGoods'*/[0m
  [1m[35m (3.9ms)[0m  [1m[35mCREATE TABLE "active_storage_blobs" ("id" bigserial primary key, "key" character varying NOT NULL, "filename" character varying NOT NULL, "content_type" character varying, "metadata" text, "service_name" character varying NOT NULL, "byte_size" bigint NOT NULL, "checksum" character varying, "created_at" timestamp(6) NOT NULL) /*application='SwapGoods'*/[0m
  [1m[36mTRANSACTION (1.3ms)[0m  [1m[31mROLLBACK /*application='SwapGoods'*/[0m
  [1m[35m (1.3ms)[0m  [1m[34mSELECT pg_advisory_unlock(2883267396278098725) /*application='SwapGoods'*/[0m
  [1m[35m (0.4ms)[0m  [1m[34mSELECT pg_try_advisory_lock(2883267396278098725) /*application='SwapGoods'*/[0m
  [1m[36mActiveRecord::SchemaMigration Load (1.3ms)[0m  [1m[34mSELECT "schema_migrations"."version" FROM "schema_migrations" ORDER BY "schema_migrations"."version" ASC /*application='SwapGoods'*/[0m
  [1m[36mActiveRecord::InternalMetadata Load (1.9ms)[0m  [1m[34mSELECT * FROM "ar_internal_metadata" WHERE "ar_internal_metadata"."key" = 'environment' ORDER BY "ar_internal_metadata"."key" ASC LIMIT 1 /*application='SwapGoods'*/[0m
Migrating to CreateActiveStorageTables (20251115123242)
  [1m[36mTRANSACTION (0.2ms)[0m  [1m[35mBEGIN /*application='SwapGoods'*/[0m
  [1m[35m (16.5ms)[0m  [1m[35mCREATE TABLE "active_storage_blobs" ("id" bigserial primary key, "key" character varying NOT NULL, "filename" character varying NOT NULL, "content_type" character varying, "metadata" text, "service_name" character varying NOT NULL, "byte_size" bigint NOT NULL, "checksum" character varying, "created_at" timestamp(6) NOT NULL) /*application='SwapGoods'*/[0m
  [1m[35m (4.3ms)[0m  [1m[35mCREATE UNIQUE INDEX "index_active_storage_blobs_on_key" ON "active_storage_blobs" ("key") /*application='SwapGoods'*/[0m
  [1m[35m (2.6ms)[0m  [1m[35mCREATE TABLE "active_storage_attachments" ("id" bigserial primary key, "name" character varying NOT NULL, "record_type" character varying NOT NULL, "record_id" bigint NOT NULL, "blob_id" bigint NOT NULL, "created_at" timestamp(6) NOT NULL, CONSTRAINT "fk_rails_c3b3935057"
FOREIGN KEY ("blob_id")
  REFERENCES "active_storage_blobs" ("id")
) /*application='SwapGoods'*/[0m
  [1m[36mTRANSACTION (0.2ms)[0m  [1m[31mROLLBACK /*application='SwapGoods'*/[0m
  [1m[35m (0.3ms)[0m  [1m[34mSELECT pg_advisory_unlock(2883267396278098725) /*application='SwapGoods'*/[0m
  [1m[35m (0.2ms)[0m  [1m[34mSELECT pg_try_advisory_lock(2883267396278098725) /*application='SwapGoods'*/[0m
  [1m[36mActiveRecord::SchemaMigration Load (0.9ms)[0m  [1m[34mSELECT "schema_migrations"."version" FROM "schema_migrations" ORDER BY "schema_migrations"."version" ASC /*application='SwapGoods'*/[0m
  [1m[36mActiveRecord::InternalMetadata Load (0.9ms)[0m  [1m[34mSELECT * FROM "ar_internal_metadata" WHERE "ar_internal_metadata"."key" = 'environment' ORDER BY "ar_internal_metadata"."key" ASC LIMIT 1 /*application='SwapGoods'*/[0m
Migrating to CreateActiveStorageTables (20251115123242)
  [1m[36mTRANSACTION (0.3ms)[0m  [1m[35mBEGIN /*application='SwapGoods'*/[0m
  [1m[35m (18.8ms)[0m  [1m[35mCREATE TABLE "active_storage_blobs" ("id" bigserial primary key, "key" character varying NOT NULL, "filename" character varying NOT NULL, "content_type" character varying, "metadata" text, "service_name" character varying NOT NULL, "byte_size" bigint NOT NULL, "checksum" character varying, "created_at" timestamp(6) NOT NULL) /*application='SwapGoods'*/[0m
  [1m[35m (4.0ms)[0m  [1m[35mCREATE UNIQUE INDEX "index_active_storage_blobs_on_key" ON "active_storage_blobs" ("key") /*application='SwapGoods'*/[0m
  [1m[35m (10.8ms)[0m  [1m[35mCREATE TABLE "active_storage_attachments" ("id" bigserial primary key, "name" character varying NOT NULL, "record_type" character varying NOT NULL, "record_id" bigint NOT NULL, "blob_id" bigint NOT NULL, "created_at" timestamp(6) NOT NULL, CONSTRAINT "fk_rails_c3b3935057"
FOREIGN KEY ("blob_id")
  REFERENCES "active_storage_blobs" ("id")
) /*application='SwapGoods'*/[0m
  [1m[35m (11.3ms)[0m  [1m[35mCREATE INDEX "index_active_storage_attachments_on_blob_id" ON "active_storage_attachments" ("blob_id") /*application='SwapGoods'*/[0m
  [1m[35m (3.0ms)[0m  [1m[35mCREATE UNIQUE INDEX "index_active_storage_attachments_uniqueness" ON "active_storage_attachments" ("record_type", "record_id", "name", "blob_id") /*application='SwapGoods'*/[0m
  [1m[35m (4.0ms)[0m  [1m[35mCREATE TABLE "active_storage_variant_records" ("id" bigserial primary key, "blob_id" bigint NOT NULL, "variation_digest" character varying NOT NULL, CONSTRAINT "fk_rails_993965df05"
FOREIGN KEY ("blob_id")
  REFERENCES "active_storage_blobs" ("id")
) /*application='SwapGoods'*/[0m
  [1m[36mTRANSACTION (0.2ms)[0m  [1m[31mROLLBACK /*application='SwapGoods'*/[0m
  [1m[35m (0.6ms)[0m  [1m[34mSELECT pg_advisory_unlock(2883267396278098725) /*application='SwapGoods'*/[0m
  [1m[36mActiveRecord::SchemaMigration Load (0.9ms)[0m  [1m[34mSELECT "schema_migrations"."version" FROM "schema_migrations" ORDER BY "schema_migrations"."version" ASC /*application='SwapGoods'*/[0m
  [1m[36mActiveRecord::InternalMetadata Load (0.8ms)[0m  [1m[34mSELECT * FROM "ar_internal_metadata" WHERE "ar_internal_metadata"."key" = 'environment' ORDER BY "ar_internal_metadata"."key" ASC LIMIT 1 /*application='SwapGoods'*/[0m
  [1m[36mActiveRecord::SchemaMigration Load (0.2ms)[0m  [1m[34mSELECT "schema_migrations"."version" FROM "schema_migrations" ORDER BY "schema_migrations"."version" ASC /*application='SwapGoods'*/[0m
  [1m[36mActiveRecord::InternalMetadata Load (0.3ms)[0m  [1m[34mSELECT * FROM "ar_internal_metadata" WHERE "ar_internal_metadata"."key" = 'environment' ORDER BY "ar_internal_metadata"."key" ASC LIMIT 1 /*application='SwapGoods'*/[0m
  [1m[36mActiveRecord::SchemaMigration Load (0.2ms)[0m  [1m[34mSELECT "schema_migrations"."version" FROM "schema_migrations" ORDER BY "schema_migrations"."version" ASC /*application='SwapGoods'*/[0m
  [1m[36mActiveRecord::InternalMetadata Load (0.3ms)[0m  [1m[34mSELECT * FROM "ar_internal_metadata" WHERE "ar_internal_metadata"."key" = 'environment' ORDER BY "ar_internal_metadata"."key" ASC LIMIT 1 /*application='SwapGoods'*/[0m
  [1m[35mSQL (0.1ms)[0m  [1m[35mSET search_path TO public /*application='SwapGoods'*/[0m
  [1m[35m (317.8ms)[0m  [1m[35mDROP DATABASE IF EXISTS "blogdeploy_development" /*application='SwapGoods'*/[0m
  [1m[35mSQL (0.1ms)[0m  [1m[35mSET search_path TO public /*application='SwapGoods'*/[0m
  [1m[35m (59.5ms)[0m  [1m[35mDROP DATABASE IF EXISTS "blogdeploy_test" /*application='SwapGoods'*/[0m
  [1m[35mSQL (0.2ms)[0m  [1m[35mSET search_path TO public /*application='SwapGoods'*/[0m
  [1m[35m (215.7ms)[0m  [1m[35mCREATE DATABASE "blogdeploy_development" ENCODING = 'unicode' /*application='SwapGoods'*/[0m
  [1m[35mSQL (3.5ms)[0m  [1m[35mCREATE EXTENSION IF NOT EXISTS "plpgsql" SCHEMA pg_catalog /*application='SwapGoods'*/[0m
  [1m[35m (0.3ms)[0m  [1m[35mDROP TABLE IF EXISTS "active_storage_attachments" CASCADE /*application='SwapGoods'*/[0m
  [1m[35m (39.2ms)[0m  [1m[35mCREATE TABLE "active_storage_attachments" ("id" bigserial primary key, "name" character varying NOT NULL, "record_type" character varying NOT NULL, "record_id" bigint NOT NULL, "blob_id" bigint NOT NULL, "created_at" timestamp(6) NOT NULL) /*application='SwapGoods'*/[0m
  [1m[35m (6.1ms)[0m  [1m[35mCREATE INDEX "index_active_storage_attachments_on_blob_id" ON "active_storage_attachments" ("blob_id") /*application='SwapGoods'*/[0m
  [1m[35m (5.8ms)[0m  [1m[35mCREATE UNIQUE INDEX "index_active_storage_attachments_uniqueness" ON "active_storage_attachments" ("record_type", "record_id", "name", "blob_id") /*application='SwapGoods'*/[0m
  [1m[35m (0.4ms)[0m  [1m[35mDROP TABLE IF EXISTS "active_storage_blobs" CASCADE /*application='SwapGoods'*/[0m
  [1m[35m (27.4ms)[0m  [1m[35mCREATE TABLE "active_storage_blobs" ("id" bigserial primary key, "key" character varying NOT NULL, "filename" character varying NOT NULL, "content_type" character varying, "metadata" text, "service_name" character varying NOT NULL, "byte_size" bigint NOT NULL, "checksum" character varying, "created_at" timestamp(6) NOT NULL) /*application='SwapGoods'*/[0m
  [1m[35m (3.6ms)[0m  [1m[35mCREATE UNIQUE INDEX "index_active_storage_blobs_on_key" ON "active_storage_blobs" ("key") /*application='SwapGoods'*/[0m
  [1m[35m (0.2ms)[0m  [1m[35mDROP TABLE IF EXISTS "active_storage_variant_records" CASCADE /*application='SwapGoods'*/[0m
  [1m[35m (15.0ms)[0m  [1m[35mCREATE TABLE "active_storage_variant_records" ("id" bigserial primary key, "blob_id" bigint NOT NULL, "variation_digest" character varying NOT NULL) /*application='SwapGoods'*/[0m
  [1m[35m (13.4ms)[0m  [1m[35mCREATE UNIQUE INDEX "index_active_storage_variant_records_uniqueness" ON "active_storage_variant_records" ("blob_id", "variation_digest") /*application='SwapGoods'*/[0m
  [1m[35m (0.3ms)[0m  [1m[35mDROP TABLE IF EXISTS "items" CASCADE /*application='SwapGoods'*/[0m
  [1m[35m (36.5ms)[0m  [1m[35mCREATE TABLE "items" ("id" bigserial primary key, "name" character varying, "description" text, "user_id" bigint NOT NULL, "status" integer DEFAULT 0, "created_at" timestamp(6) NOT NULL, "updated_at" timestamp(6) NOT NULL) /*application='SwapGoods'*/[0m
  [1m[35m (7.6ms)[0m  [1m[35mCREATE INDEX "index_items_on_user_id" ON "items" ("user_id") /*application='SwapGoods'*/[0m
  [1m[35m (0.6ms)[0m  [1m[35mDROP TABLE IF EXISTS "posts" CASCADE /*application='SwapGoods'*/[0m
  [1m[35m (18.6ms)[0m  [1m[35mCREATE TABLE "posts" ("id" bigserial primary key, "title" character varying, "content" character varying, "created_at" timestamp(6) NOT NULL, "updated_at" timestamp(6) NOT NULL) /*application='SwapGoods'*/[0m
  [1m[35m (0.3ms)[0m  [1m[35mDROP TABLE IF EXISTS "users" CASCADE /*application='SwapGoods'*/[0m
  [1m[35m (14.0ms)[0m  [1m[35mCREATE TABLE "users" ("id" bigserial primary key, "username" character varying, "email_address" character varying, "password_digest" character varying, "location" character varying, "created_at" timestamp(6) NOT NULL, "updated_at" timestamp(6) NOT NULL, "verified" boolean DEFAULT FALSE) /*application='SwapGoods'*/[0m
  [1m[35m (4.1ms)[0m  [1m[35mALTER TABLE "active_storage_attachments" ADD CONSTRAINT "fk_rails_c3b3935057"
FOREIGN KEY ("blob_id")
  REFERENCES "active_storage_blobs" ("id")
 /*application='SwapGoods'*/[0m
  [1m[35m (2.6ms)[0m  [1m[35mALTER TABLE "active_storage_variant_records" ADD CONSTRAINT "fk_rails_993965df05"
FOREIGN KEY ("blob_id")
  REFERENCES "active_storage_blobs" ("id")
 /*application='SwapGoods'*/[0m
  [1m[35m (2.7ms)[0m  [1m[35mALTER TABLE "items" ADD CONSTRAINT "fk_rails_d4b6334db2"
FOREIGN KEY ("user_id")
  REFERENCES "users" ("id")
 /*application='SwapGoods'*/[0m
  [1m[35m (18.8ms)[0m  [1m[35mCREATE TABLE "schema_migrations" ("version" character varying NOT NULL PRIMARY KEY) /*application='SwapGoods'*/[0m
  [1m[36mActiveRecord::SchemaMigration Load (0.7ms)[0m  [1m[34mSELECT "schema_migrations"."version" FROM "schema_migrations" ORDER BY "schema_migrations"."version" ASC /*application='SwapGoods'*/[0m
  [1m[35m (1.5ms)[0m  [1m[32mINSERT INTO "schema_migrations" (version) VALUES (20251115064038) /*application='SwapGoods'*/[0m
  [1m[35m (1.1ms)[0m  [1m[32mINSERT INTO "schema_migrations" (version) VALUES
(20251113065108),
(20251111082100); /*application='SwapGoods'*/[0m
  [1m[35m (15.3ms)[0m  [1m[35mCREATE TABLE "ar_internal_metadata" ("key" character varying NOT NULL PRIMARY KEY, "value" character varying, "created_at" timestamp(6) NOT NULL, "updated_at" timestamp(6) NOT NULL) /*application='SwapGoods'*/[0m
  [1m[36mActiveRecord::InternalMetadata Load (0.9ms)[0m  [1m[34mSELECT * FROM "ar_internal_metadata" WHERE "ar_internal_metadata"."key" = 'environment' ORDER BY "ar_internal_metadata"."key" ASC LIMIT 1 /*application='SwapGoods'*/[0m
  [1m[36mActiveRecord::InternalMetadata Create (1.8ms)[0m  [1m[32mINSERT INTO "ar_internal_metadata" ("key", "value", "created_at", "updated_at") VALUES ('environment', 'development', '2025-11-15 13:00:44.655677', '2025-11-15 13:00:44.655682') RETURNING "key" /*application='SwapGoods'*/[0m
  [1m[36mActiveRecord::InternalMetadata Load (0.2ms)[0m  [1m[34mSELECT * FROM "ar_internal_metadata" WHERE "ar_internal_metadata"."key" = 'environment' ORDER BY "ar_internal_metadata"."key" ASC LIMIT 1 /*application='SwapGoods'*/[0m
  [1m[36mActiveRecord::InternalMetadata Load (0.4ms)[0m  [1m[34mSELECT * FROM "ar_internal_metadata" WHERE "ar_internal_metadata"."key" = 'schema_sha1' ORDER BY "ar_internal_metadata"."key" ASC LIMIT 1 /*application='SwapGoods'*/[0m
  [1m[36mActiveRecord::InternalMetadata Create (1.4ms)[0m  [1m[32mINSERT INTO "ar_internal_metadata" ("key", "value", "created_at", "updated_at") VALUES ('schema_sha1', '7b7a5c2a9c1195822b89bf7c384abca740d56792', '2025-11-15 13:00:44.665497', '2025-11-15 13:00:44.665501') RETURNING "key" /*application='SwapGoods'*/[0m
  [1m[35m (0.2ms)[0m  [1m[34mSELECT pg_try_advisory_lock(2883267396278098725) /*application='SwapGoods'*/[0m
  [1m[36mActiveRecord::SchemaMigration Load (0.3ms)[0m  [1m[34mSELECT "schema_migrations"."version" FROM "schema_migrations" ORDER BY "schema_migrations"."version" ASC /*application='SwapGoods'*/[0m
  [1m[36mActiveRecord::InternalMetadata Load (0.3ms)[0m  [1m[34mSELECT * FROM "ar_internal_metadata" WHERE "ar_internal_metadata"."key" = 'environment' ORDER BY "ar_internal_metadata"."key" ASC LIMIT 1 /*application='SwapGoods'*/[0m
Migrating to CreateActiveStorageTables (20251115123242)
  [1m[36mTRANSACTION (0.2ms)[0m  [1m[35mBEGIN /*application='SwapGoods'*/[0m
  [1m[35m (5.2ms)[0m  [1m[35mCREATE TABLE "active_storage_blobs" ("id" bigserial primary key, "key" character varying NOT NULL, "filename" character varying NOT NULL, "content_type" character varying, "metadata" text, "service_name" character varying NOT NULL, "byte_size" bigint NOT NULL, "checksum" character varying, "created_at" timestamp(6) NOT NULL) /*application='SwapGoods'*/[0m
  [1m[36mTRANSACTION (0.2ms)[0m  [1m[31mROLLBACK /*application='SwapGoods'*/[0m
  [1m[35m (0.4ms)[0m  [1m[34mSELECT pg_advisory_unlock(2883267396278098725) /*application='SwapGoods'*/[0m
  [1m[36mCACHE ActiveRecord::SchemaMigration Load (5.8ms)[0m  [1m[34mSELECT "schema_migrations"."version" FROM "schema_migrations" ORDER BY "schema_migrations"."version" ASC[0m
  [1m[36mActiveRecord::SchemaMigration Load (0.9ms)[0m  [1m[34mSELECT "schema_migrations"."version" FROM "schema_migrations" ORDER BY "schema_migrations"."version" ASC /*application='SwapGoods'*/[0m
  [1m[36mActiveRecord::InternalMetadata Load (0.9ms)[0m  [1m[34mSELECT * FROM "ar_internal_metadata" WHERE "ar_internal_metadata"."key" = 'environment' ORDER BY "ar_internal_metadata"."key" ASC LIMIT 1 /*application='SwapGoods'*/[0m
  [1m[36mActiveRecord::SchemaMigration Load (0.2ms)[0m  [1m[34mSELECT "schema_migrations"."version" FROM "schema_migrations" ORDER BY "schema_migrations"."version" ASC /*application='SwapGoods'*/[0m
  [1m[36mActiveRecord::InternalMetadata Load (0.2ms)[0m  [1m[34mSELECT * FROM "ar_internal_metadata" WHERE "ar_internal_metadata"."key" = 'environment' ORDER BY "ar_internal_metadata"."key" ASC LIMIT 1 /*application='SwapGoods'*/[0m
  [1m[36mActiveRecord::SchemaMigration Load (0.2ms)[0m  [1m[34mSELECT "schema_migrations"."version" FROM "schema_migrations" ORDER BY "schema_migrations"."version" ASC /*application='SwapGoods'*/[0m
  [1m[36mActiveRecord::InternalMetadata Load (0.3ms)[0m  [1m[34mSELECT * FROM "ar_internal_metadata" WHERE "ar_internal_metadata"."key" = 'environment' ORDER BY "ar_internal_metadata"."key" ASC LIMIT 1 /*application='SwapGoods'*/[0m
  [1m[35mSQL (0.1ms)[0m  [1m[35mSET search_path TO public /*application='SwapGoods'*/[0m
  [1m[35m (5034.5ms)[0m  [1m[35mDROP DATABASE IF EXISTS "blogdeploy_development" /*application='SwapGoods'*/[0m
  [1m[35m (0.2ms)[0m  [1m[34mSELECT pg_try_advisory_lock(2883267396278098725) /*application='SwapGoods'*/[0m
  [1m[36mActiveRecord::SchemaMigration Load (0.9ms)[0m  [1m[34mSELECT "schema_migrations"."version" FROM "schema_migrations" ORDER BY "schema_migrations"."version" ASC /*application='SwapGoods'*/[0m
  [1m[36mActiveRecord::InternalMetadata Load (1.0ms)[0m  [1m[34mSELECT * FROM "ar_internal_metadata" WHERE "ar_internal_metadata"."key" = 'environment' ORDER BY "ar_internal_metadata"."key" ASC LIMIT 1 /*application='SwapGoods'*/[0m
  [1m[35m (0.3ms)[0m  [1m[34mSELECT pg_advisory_unlock(2883267396278098725) /*application='SwapGoods'*/[0m
  [1m[36mActiveRecord::SchemaMigration Load (0.3ms)[0m  [1m[34mSELECT "schema_migrations"."version" FROM "schema_migrations" ORDER BY "schema_migrations"."version" ASC /*application='SwapGoods'*/[0m
  [1m[36mCACHE ActiveRecord::SchemaMigration Load (0.0ms)[0m  [1m[34mSELECT "schema_migrations"."version" FROM "schema_migrations" ORDER BY "schema_migrations"."version" ASC[0m
  [1m[35m (0.7ms)[0m  [1m[34mSELECT pg_try_advisory_lock(2883267396278098725) /*application='SwapGoods'*/[0m
  [1m[36mActiveRecord::SchemaMigration Load (1.3ms)[0m  [1m[34mSELECT "schema_migrations"."version" FROM "schema_migrations" ORDER BY "schema_migrations"."version" ASC /*application='SwapGoods'*/[0m
  [1m[36mActiveRecord::InternalMetadata Load (1.3ms)[0m  [1m[34mSELECT * FROM "ar_internal_metadata" WHERE "ar_internal_metadata"."key" = 'environment' ORDER BY "ar_internal_metadata"."key" ASC LIMIT 1 /*application='SwapGoods'*/[0m
Migrating to CreateActiveStorageTables (20251115130354)
  [1m[36mTRANSACTION (0.3ms)[0m  [1m[35mBEGIN /*application='SwapGoods'*/[0m
  [1m[35m (5.6ms)[0m  [1m[35mCREATE TABLE "active_storage_blobs" ("id" bigserial primary key, "key" character varying NOT NULL, "filename" character varying NOT NULL, "content_type" character varying, "metadata" text, "service_name" character varying NOT NULL, "byte_size" bigint NOT NULL, "checksum" character varying, "created_at" timestamp(6) NOT NULL) /*application='SwapGoods'*/[0m
  [1m[36mTRANSACTION (1.4ms)[0m  [1m[31mROLLBACK /*application='SwapGoods'*/[0m
  [1m[35m (0.4ms)[0m  [1m[34mSELECT pg_advisory_unlock(2883267396278098725) /*application='SwapGoods'*/[0m
  [1m[36mActiveRecord::SchemaMigration Load (0.9ms)[0m  [1m[34mSELECT "schema_migrations"."version" FROM "schema_migrations" ORDER BY "schema_migrations"."version" ASC /*application='SwapGoods'*/[0m
  [1m[36mActiveRecord::InternalMetadata Load (0.9ms)[0m  [1m[34mSELECT * FROM "ar_internal_metadata" WHERE "ar_internal_metadata"."key" = 'environment' ORDER BY "ar_internal_metadata"."key" ASC LIMIT 1 /*application='SwapGoods'*/[0m
  [1m[36mActiveRecord::SchemaMigration Load (0.2ms)[0m  [1m[34mSELECT "schema_migrations"."version" FROM "schema_migrations" ORDER BY "schema_migrations"."version" ASC /*application='SwapGoods'*/[0m
  [1m[36mActiveRecord::InternalMetadata Load (0.3ms)[0m  [1m[34mSELECT * FROM "ar_internal_metadata" WHERE "ar_internal_metadata"."key" = 'environment' ORDER BY "ar_internal_metadata"."key" ASC LIMIT 1 /*application='SwapGoods'*/[0m
  [1m[36mActiveRecord::SchemaMigration Load (0.5ms)[0m  [1m[34mSELECT "schema_migrations"."version" FROM "schema_migrations" ORDER BY "schema_migrations"."version" ASC /*application='SwapGoods'*/[0m
  [1m[36mActiveRecord::InternalMetadata Load (0.4ms)[0m  [1m[34mSELECT * FROM "ar_internal_metadata" WHERE "ar_internal_metadata"."key" = 'environment' ORDER BY "ar_internal_metadata"."key" ASC LIMIT 1 /*application='SwapGoods'*/[0m
  [1m[35mSQL (0.1ms)[0m  [1m[35mSET search_path TO public /*application='SwapGoods'*/[0m
  [1m[35m (5028.6ms)[0m  [1m[35mDROP DATABASE IF EXISTS "blogdeploy_development" /*application='SwapGoods'*/[0m
  [1m[36mActiveRecord::SchemaMigration Load (1.9ms)[0m  [1m[34mSELECT "schema_migrations"."version" FROM "schema_migrations" ORDER BY "schema_migrations"."version" ASC /*application='SwapGoods'*/[0m
  [1m[36mActiveRecord::InternalMetadata Load (6.5ms)[0m  [1m[34mSELECT * FROM "ar_internal_metadata" WHERE "ar_internal_metadata"."key" = 'environment' ORDER BY "ar_internal_metadata"."key" ASC LIMIT 1 /*application='SwapGoods'*/[0m
  [1m[36mActiveRecord::SchemaMigration Load (9.3ms)[0m  [1m[34mSELECT "schema_migrations"."version" FROM "schema_migrations" ORDER BY "schema_migrations"."version" ASC /*application='SwapGoods'*/[0m
  [1m[36mActiveRecord::InternalMetadata Load (0.4ms)[0m  [1m[34mSELECT * FROM "ar_internal_metadata" WHERE "ar_internal_metadata"."key" = 'environment' ORDER BY "ar_internal_metadata"."key" ASC LIMIT 1 /*application='SwapGoods'*/[0m
  [1m[36mActiveRecord::SchemaMigration Load (0.2ms)[0m  [1m[34mSELECT "schema_migrations"."version" FROM "schema_migrations" ORDER BY "schema_migrations"."version" ASC /*application='SwapGoods'*/[0m
  [1m[36mActiveRecord::InternalMetadata Load (0.3ms)[0m  [1m[34mSELECT * FROM "ar_internal_metadata" WHERE "ar_internal_metadata"."key" = 'environment' ORDER BY "ar_internal_metadata"."key" ASC LIMIT 1 /*application='SwapGoods'*/[0m
  [1m[35mSQL (0.1ms)[0m  [1m[35mSET search_path TO public /*application='SwapGoods'*/[0m
  [1m[35m (111.5ms)[0m  [1m[35mDROP DATABASE IF EXISTS "blogdeploy_development" /*application='SwapGoods'*/[0m
  [1m[35mSQL (0.2ms)[0m  [1m[35mSET search_path TO public /*application='SwapGoods'*/[0m
  [1m[35m (27.2ms)[0m  [1m[35mDROP DATABASE IF EXISTS "blogdeploy_test" /*application='SwapGoods'*/[0m
  [1m[35mSQL (0.5ms)[0m  [1m[35mSET search_path TO public /*application='SwapGoods'*/[0m
  [1m[35m (142.7ms)[0m  [1m[35mCREATE DATABASE "blogdeploy_development" ENCODING = 'unicode' /*application='SwapGoods'*/[0m
  [1m[35mSQL (0.1ms)[0m  [1m[35mSET search_path TO public /*application='SwapGoods'*/[0m
  [1m[35m (118.8ms)[0m  [1m[35mCREATE DATABASE "blogdeploy_test" ENCODING = 'unicode' /*application='SwapGoods'*/[0m
  [1m[35mSQL (1.0ms)[0m  [1m[35mCREATE EXTENSION IF NOT EXISTS "plpgsql" SCHEMA pg_catalog /*application='SwapGoods'*/[0m
  [1m[35m (0.2ms)[0m  [1m[35mDROP TABLE IF EXISTS "active_storage_attachments" CASCADE /*application='SwapGoods'*/[0m
  [1m[35m (12.6ms)[0m  [1m[35mCREATE TABLE "active_storage_attachments" ("id" bigserial primary key, "name" character varying NOT NULL, "record_type" character varying NOT NULL, "record_id" bigint NOT NULL, "blob_id" bigint NOT NULL, "created_at" timestamp(6) NOT NULL) /*application='SwapGoods'*/[0m
  [1m[35m (5.6ms)[0m  [1m[35mCREATE INDEX "index_active_storage_attachments_on_blob_id" ON "active_storage_attachments" ("blob_id") /*application='SwapGoods'*/[0m
  [1m[35m (3.7ms)[0m  [1m[35mCREATE UNIQUE INDEX "index_active_storage_attachments_uniqueness" ON "active_storage_attachments" ("record_type", "record_id", "name", "blob_id") /*application='SwapGoods'*/[0m
  [1m[35m (0.3ms)[0m  [1m[35mDROP TABLE IF EXISTS "active_storage_blobs" CASCADE /*application='SwapGoods'*/[0m
  [1m[35m (9.8ms)[0m  [1m[35mCREATE TABLE "active_storage_blobs" ("id" bigserial primary key, "key" character varying NOT NULL, "filename" character varying NOT NULL, "content_type" character varying, "metadata" text, "service_name" character varying NOT NULL, "byte_size" bigint NOT NULL, "checksum" character varying, "created_at" timestamp(6) NOT NULL) /*application='SwapGoods'*/[0m
  [1m[35m (5.2ms)[0m  [1m[35mCREATE UNIQUE INDEX "index_active_storage_blobs_on_key" ON "active_storage_blobs" ("key") /*application='SwapGoods'*/[0m
  [1m[35m (0.3ms)[0m  [1m[35mDROP TABLE IF EXISTS "active_storage_variant_records" CASCADE /*application='SwapGoods'*/[0m
  [1m[35m (11.1ms)[0m  [1m[35mCREATE TABLE "active_storage_variant_records" ("id" bigserial primary key, "blob_id" bigint NOT NULL, "variation_digest" character varying NOT NULL) /*application='SwapGoods'*/[0m
  [1m[35m (3.8ms)[0m  [1m[35mCREATE UNIQUE INDEX "index_active_storage_variant_records_uniqueness" ON "active_storage_variant_records" ("blob_id", "variation_digest") /*application='SwapGoods'*/[0m
  [1m[35m (0.2ms)[0m  [1m[35mDROP TABLE IF EXISTS "items" CASCADE /*application='SwapGoods'*/[0m
  [1m[35m (9.7ms)[0m  [1m[35mCREATE TABLE "items" ("id" bigserial primary key, "name" character varying, "description" text, "user_id" bigint NOT NULL, "status" integer DEFAULT 0, "created_at" timestamp(6) NOT NULL, "updated_at" timestamp(6) NOT NULL) /*application='SwapGoods'*/[0m
  [1m[35m (7.9ms)[0m  [1m[35mCREATE INDEX "index_items_on_user_id" ON "items" ("user_id") /*application='SwapGoods'*/[0m
  [1m[35m (0.3ms)[0m  [1m[35mDROP TABLE IF EXISTS "posts" CASCADE /*application='SwapGoods'*/[0m
  [1m[35m (12.8ms)[0m  [1m[35mCREATE TABLE "posts" ("id" bigserial primary key, "title" character varying, "content" character varying, "created_at" timestamp(6) NOT NULL, "updated_at" timestamp(6) NOT NULL) /*application='SwapGoods'*/[0m
  [1m[35m (0.4ms)[0m  [1m[35mDROP TABLE IF EXISTS "users" CASCADE /*application='SwapGoods'*/[0m
  [1m[35m (11.7ms)[0m  [1m[35mCREATE TABLE "users" ("id" bigserial primary key, "username" character varying, "email_address" character varying, "password_digest" character varying, "location" character varying, "created_at" timestamp(6) NOT NULL, "updated_at" timestamp(6) NOT NULL, "verified" boolean DEFAULT FALSE) /*application='SwapGoods'*/[0m
  [1m[35m (4.4ms)[0m  [1m[35mALTER TABLE "active_storage_attachments" ADD CONSTRAINT "fk_rails_c3b3935057"
FOREIGN KEY ("blob_id")
  REFERENCES "active_storage_blobs" ("id")
 /*application='SwapGoods'*/[0m
  [1m[35m (2.5ms)[0m  [1m[35mALTER TABLE "active_storage_variant_records" ADD CONSTRAINT "fk_rails_993965df05"
FOREIGN KEY ("blob_id")
  REFERENCES "active_storage_blobs" ("id")
 /*application='SwapGoods'*/[0m
  [1m[35m (2.7ms)[0m  [1m[35mALTER TABLE "items" ADD CONSTRAINT "fk_rails_d4b6334db2"
FOREIGN KEY ("user_id")
  REFERENCES "users" ("id")
 /*application='SwapGoods'*/[0m
  [1m[35m (11.7ms)[0m  [1m[35mCREATE TABLE "schema_migrations" ("version" character varying NOT NULL PRIMARY KEY) /*application='SwapGoods'*/[0m
  [1m[36mActiveRecord::SchemaMigration Load (0.9ms)[0m  [1m[34mSELECT "schema_migrations"."version" FROM "schema_migrations" ORDER BY "schema_migrations"."version" ASC /*application='SwapGoods'*/[0m
  [1m[35m (3.0ms)[0m  [1m[32mINSERT INTO "schema_migrations" (version) VALUES (20251115064038) /*application='SwapGoods'*/[0m
  [1m[35m (1.2ms)[0m  [1m[32mINSERT INTO "schema_migrations" (version) VALUES
(20251113065108),
(20251111082100); /*application='SwapGoods'*/[0m
  [1m[35m (7.9ms)[0m  [1m[35mCREATE TABLE "ar_internal_metadata" ("key" character varying NOT NULL PRIMARY KEY, "value" character varying, "created_at" timestamp(6) NOT NULL, "updated_at" timestamp(6) NOT NULL) /*application='SwapGoods'*/[0m
  [1m[36mActiveRecord::InternalMetadata Load (0.9ms)[0m  [1m[34mSELECT * FROM "ar_internal_metadata" WHERE "ar_internal_metadata"."key" = 'environment' ORDER BY "ar_internal_metadata"."key" ASC LIMIT 1 /*application='SwapGoods'*/[0m
  [1m[36mActiveRecord::InternalMetadata Create (1.7ms)[0m  [1m[32mINSERT INTO "ar_internal_metadata" ("key", "value", "created_at", "updated_at") VALUES ('environment', 'development', '2025-11-15 13:08:58.204934', '2025-11-15 13:08:58.204940') RETURNING "key" /*application='SwapGoods'*/[0m
  [1m[36mActiveRecord::InternalMetadata Load (0.3ms)[0m  [1m[34mSELECT * FROM "ar_internal_metadata" WHERE "ar_internal_metadata"."key" = 'environment' ORDER BY "ar_internal_metadata"."key" ASC LIMIT 1 /*application='SwapGoods'*/[0m
  [1m[36mActiveRecord::InternalMetadata Load (0.4ms)[0m  [1m[34mSELECT * FROM "ar_internal_metadata" WHERE "ar_internal_metadata"."key" = 'schema_sha1' ORDER BY "ar_internal_metadata"."key" ASC LIMIT 1 /*application='SwapGoods'*/[0m
  [1m[36mActiveRecord::InternalMetadata Create (1.7ms)[0m  [1m[32mINSERT INTO "ar_internal_metadata" ("key", "value", "created_at", "updated_at") VALUES ('schema_sha1', '7b7a5c2a9c1195822b89bf7c384abca740d56792', '2025-11-15 13:08:58.212985', '2025-11-15 13:08:58.212989') RETURNING "key" /*application='SwapGoods'*/[0m
  [1m[35m (0.2ms)[0m  [1m[34mSELECT pg_try_advisory_lock(2883267396278098725) /*application='SwapGoods'*/[0m
  [1m[36mActiveRecord::SchemaMigration Load (0.4ms)[0m  [1m[34mSELECT "schema_migrations"."version" FROM "schema_migrations" ORDER BY "schema_migrations"."version" ASC /*application='SwapGoods'*/[0m
  [1m[36mActiveRecord::InternalMetadata Load (0.4ms)[0m  [1m[34mSELECT * FROM "ar_internal_metadata" WHERE "ar_internal_metadata"."key" = 'environment' ORDER BY "ar_internal_metadata"."key" ASC LIMIT 1 /*application='SwapGoods'*/[0m
Migrating to CreateActiveStorageTables (20251115130354)
  [1m[36mTRANSACTION (0.2ms)[0m  [1m[35mBEGIN /*application='SwapGoods'*/[0m
  [1m[35m (4.4ms)[0m  [1m[35mCREATE TABLE "active_storage_blobs" ("id" bigserial primary key, "key" character varying NOT NULL, "filename" character varying NOT NULL, "content_type" character varying, "metadata" text, "service_name" character varying NOT NULL, "byte_size" bigint NOT NULL, "checksum" character varying, "created_at" timestamp(6) NOT NULL) /*application='SwapGoods'*/[0m
  [1m[36mTRANSACTION (0.2ms)[0m  [1m[31mROLLBACK /*application='SwapGoods'*/[0m
  [1m[35m (0.4ms)[0m  [1m[34mSELECT pg_advisory_unlock(2883267396278098725) /*application='SwapGoods'*/[0m
  [1m[36mCACHE ActiveRecord::SchemaMigration Load (0.0ms)[0m  [1m[34mSELECT "schema_migrations"."version" FROM "schema_migrations" ORDER BY "schema_migrations"."version" ASC[0m
  [1m[35m (0.2ms)[0m  [1m[34mSELECT pg_try_advisory_lock(2883267396278098725) /*application='SwapGoods'*/[0m
  [1m[36mActiveRecord::SchemaMigration Load (1.3ms)[0m  [1m[34mSELECT "schema_migrations"."version" FROM "schema_migrations" ORDER BY "schema_migrations"."version" ASC /*application='SwapGoods'*/[0m
  [1m[36mActiveRecord::InternalMetadata Load (1.0ms)[0m  [1m[34mSELECT * FROM "ar_internal_metadata" WHERE "ar_internal_metadata"."key" = 'environment' ORDER BY "ar_internal_metadata"."key" ASC LIMIT 1 /*application='SwapGoods'*/[0m
  [1m[35m (0.4ms)[0m  [1m[34mSELECT pg_advisory_unlock(2883267396278098725) /*application='SwapGoods'*/[0m
  [1m[36mActiveRecord::SchemaMigration Load (0.2ms)[0m  [1m[34mSELECT "schema_migrations"."version" FROM "schema_migrations" ORDER BY "schema_migrations"."version" ASC /*application='SwapGoods'*/[0m
  [1m[36mCACHE ActiveRecord::SchemaMigration Load (0.0ms)[0m  [1m[34mSELECT "schema_migrations"."version" FROM "schema_migrations" ORDER BY "schema_migrations"."version" ASC[0m
  [1m[35m (0.3ms)[0m  [1m[34mSELECT pg_try_advisory_lock(2883267396278098725) /*application='SwapGoods'*/[0m
  [1m[36mActiveRecord::SchemaMigration Load (0.9ms)[0m  [1m[34mSELECT "schema_migrations"."version" FROM "schema_migrations" ORDER BY "schema_migrations"."version" ASC /*application='SwapGoods'*/[0m
  [1m[36mActiveRecord::InternalMetadata Load (1.0ms)[0m  [1m[34mSELECT * FROM "ar_internal_metadata" WHERE "ar_internal_metadata"."key" = 'environment' ORDER BY "ar_internal_metadata"."key" ASC LIMIT 1 /*application='SwapGoods'*/[0m
Migrating to CreateActiveStorageTables (20251115131114)
  [1m[36mTRANSACTION (0.2ms)[0m  [1m[35mBEGIN /*application='SwapGoods'*/[0m
  [1m[35m (9.7ms)[0m  [1m[35mCREATE TABLE "active_storage_blobs" ("id" bigserial primary key, "key" character varying NOT NULL, "filename" character varying NOT NULL, "content_type" character varying, "metadata" text, "service_name" character varying NOT NULL, "byte_size" bigint NOT NULL, "checksum" character varying, "created_at" timestamp(6) NOT NULL) /*application='SwapGoods'*/[0m
  [1m[36mTRANSACTION (2.6ms)[0m  [1m[31mROLLBACK /*application='SwapGoods'*/[0m
  [1m[35m (0.5ms)[0m  [1m[34mSELECT pg_advisory_unlock(2883267396278098725) /*application='SwapGoods'*/[0m
  [1m[36mCACHE ActiveRecord::SchemaMigration Load (0.0ms)[0m  [1m[34mSELECT "schema_migrations"."version" FROM "schema_migrations" ORDER BY "schema_migrations"."version" ASC[0m
  [1m[35m (0.7ms)[0m  [1m[34mSELECT pg_try_advisory_lock(2883267396278098725) /*application='SwapGoods'*/[0m
  [1m[36mActiveRecord::SchemaMigration Load (1.5ms)[0m  [1m[34mSELECT "schema_migrations"."version" FROM "schema_migrations" ORDER BY "schema_migrations"."version" ASC /*application='SwapGoods'*/[0m
  [1m[36mActiveRecord::InternalMetadata Load (2.3ms)[0m  [1m[34mSELECT * FROM "ar_internal_metadata" WHERE "ar_internal_metadata"."key" = 'environment' ORDER BY "ar_internal_metadata"."key" ASC LIMIT 1 /*application='SwapGoods'*/[0m
  [1m[35m (0.7ms)[0m  [1m[34mSELECT pg_advisory_unlock(2883267396278098725) /*application='SwapGoods'*/[0m
  [1m[36mActiveRecord::SchemaMigration Load (0.4ms)[0m  [1m[34mSELECT "schema_migrations"."version" FROM "schema_migrations" ORDER BY "schema_migrations"."version" ASC /*application='SwapGoods'*/[0m
  [1m[36mCACHE ActiveRecord::SchemaMigration Load (0.0ms)[0m  [1m[34mSELECT "schema_migrations"."version" FROM "schema_migrations" ORDER BY "schema_migrations"."version" ASC[0m
  [1m[36mActiveRecord::SchemaMigration Load (0.9ms)[0m  [1m[34mSELECT "schema_migrations"."version" FROM "schema_migrations" ORDER BY "schema_migrations"."version" ASC /*application='SwapGoods'*/[0m
  [1m[36mActiveRecord::InternalMetadata Load (0.8ms)[0m  [1m[34mSELECT * FROM "ar_internal_metadata" WHERE "ar_internal_metadata"."key" = 'environment' ORDER BY "ar_internal_metadata"."key" ASC LIMIT 1 /*application='SwapGoods'*/[0m
  [1m[36mActiveRecord::SchemaMigration Load (0.3ms)[0m  [1m[34mSELECT "schema_migrations"."version" FROM "schema_migrations" ORDER BY "schema_migrations"."version" ASC /*application='SwapGoods'*/[0m
  [1m[36mActiveRecord::InternalMetadata Load (0.3ms)[0m  [1m[34mSELECT * FROM "ar_internal_metadata" WHERE "ar_internal_metadata"."key" = 'environment' ORDER BY "ar_internal_metadata"."key" ASC LIMIT 1 /*application='SwapGoods'*/[0m
  [1m[36mActiveRecord::SchemaMigration Load (0.2ms)[0m  [1m[34mSELECT "schema_migrations"."version" FROM "schema_migrations" ORDER BY "schema_migrations"."version" ASC /*application='SwapGoods'*/[0m
  [1m[36mActiveRecord::InternalMetadata Load (0.4ms)[0m  [1m[34mSELECT * FROM "ar_internal_metadata" WHERE "ar_internal_metadata"."key" = 'environment' ORDER BY "ar_internal_metadata"."key" ASC LIMIT 1 /*application='SwapGoods'*/[0m
  [1m[35mSQL (0.1ms)[0m  [1m[35mSET search_path TO public /*application='SwapGoods'*/[0m
  [1m[35m (5027.1ms)[0m  [1m[35mDROP DATABASE IF EXISTS "blogdeploy_development" /*application='SwapGoods'*/[0m
  [1m[36mActiveRecord::SchemaMigration Load (1.2ms)[0m  [1m[34mSELECT "schema_migrations"."version" FROM "schema_migrations" ORDER BY "schema_migrations"."version" ASC /*application='SwapGoods'*/[0m
  [1m[36mActiveRecord::InternalMetadata Load (0.9ms)[0m  [1m[34mSELECT * FROM "ar_internal_metadata" WHERE "ar_internal_metadata"."key" = 'environment' ORDER BY "ar_internal_metadata"."key" ASC LIMIT 1 /*application='SwapGoods'*/[0m
  [1m[36mActiveRecord::SchemaMigration Load (0.3ms)[0m  [1m[34mSELECT "schema_migrations"."version" FROM "schema_migrations" ORDER BY "schema_migrations"."version" ASC /*application='SwapGoods'*/[0m
  [1m[36mActiveRecord::InternalMetadata Load (0.4ms)[0m  [1m[34mSELECT * FROM "ar_internal_metadata" WHERE "ar_internal_metadata"."key" = 'environment' ORDER BY "ar_internal_metadata"."key" ASC LIMIT 1 /*application='SwapGoods'*/[0m
  [1m[36mActiveRecord::SchemaMigration Load (0.2ms)[0m  [1m[34mSELECT "schema_migrations"."version" FROM "schema_migrations" ORDER BY "schema_migrations"."version" ASC /*application='SwapGoods'*/[0m
  [1m[36mActiveRecord::InternalMetadata Load (0.3ms)[0m  [1m[34mSELECT * FROM "ar_internal_metadata" WHERE "ar_internal_metadata"."key" = 'environment' ORDER BY "ar_internal_metadata"."key" ASC LIMIT 1 /*application='SwapGoods'*/[0m
  [1m[35mSQL (0.1ms)[0m  [1m[35mSET search_path TO public /*application='SwapGoods'*/[0m
  [1m[35m (92.8ms)[0m  [1m[35mDROP DATABASE IF EXISTS "blogdeploy_development" /*application='SwapGoods'*/[0m
  [1m[35mSQL (0.1ms)[0m  [1m[35mSET search_path TO public /*application='SwapGoods'*/[0m
  [1m[35m (60.8ms)[0m  [1m[35mDROP DATABASE IF EXISTS "blogdeploy_test" /*application='SwapGoods'*/[0m
  [1m[35mSQL (0.1ms)[0m  [1m[35mSET search_path TO public /*application='SwapGoods'*/[0m
  [1m[35m (101.9ms)[0m  [1m[35mCREATE DATABASE "blogdeploy_development" ENCODING = 'unicode' /*application='SwapGoods'*/[0m
  [1m[35mSQL (1.1ms)[0m  [1m[35mCREATE EXTENSION IF NOT EXISTS "plpgsql" SCHEMA pg_catalog /*application='SwapGoods'*/[0m
  [1m[35m (0.2ms)[0m  [1m[35mDROP TABLE IF EXISTS "items" CASCADE /*application='SwapGoods'*/[0m
  [1m[35m (26.2ms)[0m  [1m[35mCREATE TABLE "items" ("id" bigserial primary key, "name" character varying, "description" text, "user_id" bigint NOT NULL, "status" integer DEFAULT 0, "created_at" timestamp(6) NOT NULL, "updated_at" timestamp(6) NOT NULL) /*application='SwapGoods'*/[0m
  [1m[35m (4.1ms)[0m  [1m[35mCREATE INDEX "index_items_on_user_id" ON "items" ("user_id") /*application='SwapGoods'*/[0m
  [1m[35m (0.3ms)[0m  [1m[35mDROP TABLE IF EXISTS "posts" CASCADE /*application='SwapGoods'*/[0m
  [1m[35m (8.5ms)[0m  [1m[35mCREATE TABLE "posts" ("id" bigserial primary key, "title" character varying, "content" character varying, "created_at" timestamp(6) NOT NULL, "updated_at" timestamp(6) NOT NULL) /*application='SwapGoods'*/[0m
  [1m[35m (0.3ms)[0m  [1m[35mDROP TABLE IF EXISTS "users" CASCADE /*application='SwapGoods'*/[0m
  [1m[35m (10.7ms)[0m  [1m[35mCREATE TABLE "users" ("id" bigserial primary key, "username" character varying, "email_address" character varying, "password_digest" character varying, "location" character varying, "created_at" timestamp(6) NOT NULL, "updated_at" timestamp(6) NOT NULL, "verified" boolean DEFAULT FALSE) /*application='SwapGoods'*/[0m
  [1m[35m (5.1ms)[0m  [1m[35mALTER TABLE "items" ADD CONSTRAINT "fk_rails_d4b6334db2"
FOREIGN KEY ("user_id")
  REFERENCES "users" ("id")
 /*application='SwapGoods'*/[0m
  [1m[35m (6.8ms)[0m  [1m[35mCREATE TABLE "schema_migrations" ("version" character varying NOT NULL PRIMARY KEY) /*application='SwapGoods'*/[0m
  [1m[36mActiveRecord::SchemaMigration Load (0.8ms)[0m  [1m[34mSELECT "schema_migrations"."version" FROM "schema_migrations" ORDER BY "schema_migrations"."version" ASC /*application='SwapGoods'*/[0m
  [1m[35m (1.7ms)[0m  [1m[32mINSERT INTO "schema_migrations" (version) VALUES (20251115064038) /*application='SwapGoods'*/[0m
  [1m[35m (1.4ms)[0m  [1m[32mINSERT INTO "schema_migrations" (version) VALUES
(20251113065108),
(20251111082100); /*application='SwapGoods'*/[0m
  [1m[35m (9.7ms)[0m  [1m[35mCREATE TABLE "ar_internal_metadata" ("key" character varying NOT NULL PRIMARY KEY, "value" character varying, "created_at" timestamp(6) NOT NULL, "updated_at" timestamp(6) NOT NULL) /*application='SwapGoods'*/[0m
  [1m[36mActiveRecord::InternalMetadata Load (1.3ms)[0m  [1m[34mSELECT * FROM "ar_internal_metadata" WHERE "ar_internal_metadata"."key" = 'environment' ORDER BY "ar_internal_metadata"."key" ASC LIMIT 1 /*application='SwapGoods'*/[0m
  [1m[36mActiveRecord::InternalMetadata Create (2.2ms)[0m  [1m[32mINSERT INTO "ar_internal_metadata" ("key", "value", "created_at", "updated_at") VALUES ('environment', 'development', '2025-11-15 13:17:08.337016', '2025-11-15 13:17:08.337021') RETURNING "key" /*application='SwapGoods'*/[0m
  [1m[36mActiveRecord::InternalMetadata Load (0.3ms)[0m  [1m[34mSELECT * FROM "ar_internal_metadata" WHERE "ar_internal_metadata"."key" = 'environment' ORDER BY "ar_internal_metadata"."key" ASC LIMIT 1 /*application='SwapGoods'*/[0m
  [1m[36mActiveRecord::InternalMetadata Load (0.4ms)[0m  [1m[34mSELECT * FROM "ar_internal_metadata" WHERE "ar_internal_metadata"."key" = 'schema_sha1' ORDER BY "ar_internal_metadata"."key" ASC LIMIT 1 /*application='SwapGoods'*/[0m
  [1m[36mActiveRecord::InternalMetadata Create (1.9ms)[0m  [1m[32mINSERT INTO "ar_internal_metadata" ("key", "value", "created_at", "updated_at") VALUES ('schema_sha1', 'a695d75770ea9d46572aba6389fc11dfdebe59c1', '2025-11-15 13:17:08.345773', '2025-11-15 13:17:08.345777') RETURNING "key" /*application='SwapGoods'*/[0m
  [1m[35m (0.2ms)[0m  [1m[34mSELECT pg_try_advisory_lock(2883267396278098725) /*application='SwapGoods'*/[0m
  [1m[36mActiveRecord::SchemaMigration Load (0.4ms)[0m  [1m[34mSELECT "schema_migrations"."version" FROM "schema_migrations" ORDER BY "schema_migrations"."version" ASC /*application='SwapGoods'*/[0m
  [1m[36mActiveRecord::InternalMetadata Load (0.3ms)[0m  [1m[34mSELECT * FROM "ar_internal_metadata" WHERE "ar_internal_metadata"."key" = 'environment' ORDER BY "ar_internal_metadata"."key" ASC LIMIT 1 /*application='SwapGoods'*/[0m
Migrating to CreateActiveStorageTables (20251115131525)
  [1m[36mTRANSACTION (0.3ms)[0m  [1m[35mBEGIN /*application='SwapGoods'*/[0m
  [1m[35m (12.5ms)[0m  [1m[35mCREATE TABLE "active_storage_blobs" ("id" bigserial primary key, "key" character varying NOT NULL, "filename" character varying NOT NULL, "content_type" character varying, "metadata" text, "service_name" character varying NOT NULL, "byte_size" bigint NOT NULL, "checksum" character varying, "created_at" timestamp(6) NOT NULL) /*application='SwapGoods'*/[0m
  [1m[35m (5.0ms)[0m  [1m[35mCREATE UNIQUE INDEX "index_active_storage_blobs_on_key" ON "active_storage_blobs" ("key") /*application='SwapGoods'*/[0m
  [1m[35m (9.2ms)[0m  [1m[35mCREATE TABLE "active_storage_attachments" ("id" bigserial primary key, "name" character varying NOT NULL, "record_type" character varying NOT NULL, "record_id" bigint NOT NULL, "blob_id" bigint NOT NULL, "created_at" timestamp(6) NOT NULL, CONSTRAINT "fk_rails_c3b3935057"
FOREIGN KEY ("blob_id")
  REFERENCES "active_storage_blobs" ("id")
) /*application='SwapGoods'*/[0m
  [1m[35m (4.1ms)[0m  [1m[35mCREATE INDEX "index_active_storage_attachments_on_blob_id" ON "active_storage_attachments" ("blob_id") /*application='SwapGoods'*/[0m
  [1m[35m (6.5ms)[0m  [1m[35mCREATE UNIQUE INDEX "index_active_storage_attachments_uniqueness" ON "active_storage_attachments" ("record_type", "record_id", "name", "blob_id") /*application='SwapGoods'*/[0m
  [1m[35m (10.4ms)[0m  [1m[35mCREATE TABLE "active_storage_variant_records" ("id" bigserial primary key, "blob_id" bigint NOT NULL, "variation_digest" character varying NOT NULL, CONSTRAINT "fk_rails_993965df05"
FOREIGN KEY ("blob_id")
  REFERENCES "active_storage_blobs" ("id")
) /*application='SwapGoods'*/[0m
  [1m[35m (5.0ms)[0m  [1m[35mCREATE UNIQUE INDEX "index_active_storage_variant_records_uniqueness" ON "active_storage_variant_records" ("blob_id", "variation_digest") /*application='SwapGoods'*/[0m
  [1m[36mActiveRecord::SchemaMigration Create (2.0ms)[0m  [1m[32mINSERT INTO "schema_migrations" ("version") VALUES ('20251115131525') RETURNING "version" /*application='SwapGoods'*/[0m
  [1m[36mTRANSACTION (2.9ms)[0m  [1m[35mCOMMIT /*application='SwapGoods'*/[0m
  [1m[35m (0.5ms)[0m  [1m[34mSELECT pg_advisory_unlock(2883267396278098725) /*application='SwapGoods'*/[0m
  [1m[36mActiveRecord::SchemaMigration Load (0.4ms)[0m  [1m[34mSELECT "schema_migrations"."version" FROM "schema_migrations" ORDER BY "schema_migrations"."version" ASC /*application='SwapGoods'*/[0m
Started GET "/items" for 127.0.0.1 at 2025-11-15 15:17:24 +0200
  [1m[36mActiveRecord::SchemaMigration Load (4.4ms)[0m  [1m[34mSELECT "schema_migrations"."version" FROM "schema_migrations" ORDER BY "schema_migrations"."version" ASC /*application='SwapGoods'*/[0m
  
ArgumentError (Route `resource :items` - :only and :except must include only [:show, :create, :update, :destroy, :new, :edit], but also included [:index]):
  
config/routes.rb:15:in `block (3 levels) in <main>'
config/routes.rb:8:in `block (2 levels) in <main>'
config/routes.rb:7:in `block in <main>'
config/routes.rb:1:in `<main>'
Started GET "/items" for 127.0.0.1 at 2025-11-15 15:25:45 +0200
  [1m[36mActiveRecord::SchemaMigration Load (5.7ms)[0m  [1m[34mSELECT "schema_migrations"."version" FROM "schema_migrations" ORDER BY "schema_migrations"."version" ASC /*application='SwapGoods'*/[0m
  
ActionController::RoutingError (No route matches [GET] "/items"):
  
Started GET "/items" for 127.0.0.1 at 2025-11-15 15:29:32 +0200
  [1m[36mActiveRecord::SchemaMigration Load (1.2ms)[0m  [1m[34mSELECT "schema_migrations"."version" FROM "schema_migrations" ORDER BY "schema_migrations"."version" ASC /*application='SwapGoods'*/[0m
  
ActionController::RoutingError (No route matches [GET] "/items"):
  
Started GET "/api/v1/items" for 127.0.0.1 at 2025-11-15 15:29:57 +0200
Processing by Api::V1::ItemsController#index as */*
Completed 500 Internal Server Error in 44ms (ActiveRecord: 0.0ms (0 queries, 0 cached) | GC: 1.8ms)


  
ArgumentError (wrong number of arguments (given 0, expected 1..2)):
  
app/models/item.rb:4:in `<class:Item>'
app/models/item.rb:1:in `<main>'
app/controllers/api/v1/items_controller.rb:5:in `index'
Started GET "/api/v1/items" for 127.0.0.1 at 2025-11-15 15:30:10 +0200
Processing by Api::V1::ItemsController#index as */*
Completed 500 Internal Server Error in 6ms (ActiveRecord: 0.0ms (0 queries, 0 cached) | GC: 0.0ms)


  
ArgumentError (wrong number of arguments (given 0, expected 1..2)):
  
app/models/item.rb:4:in `<class:Item>'
app/models/item.rb:1:in `<main>'
app/controllers/api/v1/items_controller.rb:5:in `index'
Started GET "/api/v1/items" for 127.0.0.1 at 2025-11-15 15:32:40 +0200
  [1m[36mActiveRecord::SchemaMigration Load (1.8ms)[0m  [1m[34mSELECT "schema_migrations"."version" FROM "schema_migrations" ORDER BY "schema_migrations"."version" ASC /*application='SwapGoods'*/[0m
Processing by Api::V1::ItemsController#index as */*
Completed 500 Internal Server Error in 60ms (ActiveRecord: 0.0ms (0 queries, 0 cached) | GC: 1.9ms)


  
ArgumentError (wrong number of arguments (given 0, expected 1..2)):
  
app/models/item.rb:5:in `<class:Item>'
app/models/item.rb:1:in `<main>'
app/controllers/api/v1/items_controller.rb:5:in `index'
Started GET "/api/v1/items" for 127.0.0.1 at 2025-11-15 15:36:25 +0200
  [1m[36mActiveRecord::SchemaMigration Load (1.3ms)[0m  [1m[34mSELECT "schema_migrations"."version" FROM "schema_migrations" ORDER BY "schema_migrations"."version" ASC /*application='SwapGoods'*/[0m
Processing by Api::V1::ItemsController#index as */*
Completed 500 Internal Server Error in 54ms (ActiveRecord: 0.0ms (0 queries, 0 cached) | GC: 1.8ms)


  
ArgumentError (wrong number of arguments (given 0, expected 1..2)):
  
app/models/item.rb:5:in `<class:Item>'
app/models/item.rb:1:in `<main>'
app/controllers/api/v1/items_controller.rb:5:in `index'
Started GET "/api/v1/items" for 127.0.0.1 at 2025-11-15 15:39:04 +0200
  [1m[36mActiveRecord::SchemaMigration Load (3.5ms)[0m  [1m[34mSELECT "schema_migrations"."version" FROM "schema_migrations" ORDER BY "schema_migrations"."version" ASC /*application='SwapGoods'*/[0m
Processing by Api::V1::ItemsController#index as */*
Completed 500 Internal Server Error in 56ms (ActiveRecord: 0.0ms (0 queries, 0 cached) | GC: 1.7ms)


  
ArgumentError (wrong number of arguments (given 0, expected 1..2)):
  
app/models/item.rb:5:in `<class:Item>'
app/models/item.rb:1:in `<main>'
app/controllers/api/v1/items_controller.rb:5:in `index'
Started GET "/api/v1/items" for 127.0.0.1 at 2025-11-15 15:41:37 +0200
  [1m[36mActiveRecord::SchemaMigration Load (3.0ms)[0m  [1m[34mSELECT "schema_migrations"."version" FROM "schema_migrations" ORDER BY "schema_migrations"."version" ASC /*application='SwapGoods'*/[0m
Processing by Api::V1::ItemsController#index as */*
  [1m[36mItem Load (21.9ms)[0m  [1m[34mSELECT "items".* FROM "items" /*action='index',application='SwapGoods',controller='items'*/[0m
  ↳ app/controllers/api/v1/items_controller.rb:6:in `index'
Completed 200 OK in 97ms (Views: 0.4ms | ActiveRecord: 28.8ms (1 query, 0 cached) | GC: 3.3ms)


Started POST "/api/v1/signUp" for 127.0.0.1 at 2025-11-15 15:43:35 +0200
  
ActionController::RoutingError (No route matches [POST] "/api/v1/signUp"):
  
Started POST "/api/v1/signup" for 127.0.0.1 at 2025-11-15 15:43:45 +0200
  
ActionController::RoutingError (No route matches [POST] "/api/v1/signup"):
  
Started POST "/api/v1/auth/signUp" for 127.0.0.1 at 2025-11-15 15:44:19 +0200
Processing by Api::V1::AuthController#sign_up as */*
  Parameters: {"user"=>{"email_address"=>"[FILTERED]", "username"=>"mana", "password"=>"[FILTERED]", "password_confirmation"=>"[FILTERED]", "location"=>"gaza"}, "auth"=>{"user"=>{"email_address"=>"[FILTERED]", "username"=>"mana", "password"=>"[FILTERED]", "password_confirmation"=>"[FILTERED]", "location"=>"gaza"}}}
  [1m[36mTRANSACTION (0.3ms)[0m  [1m[35mBEGIN /*action='sign_up',application='SwapGoods',controller='auth'*/[0m
  ↳ app/services/authentication/Sign_up_service.rb:5:in `call'
  [1m[36mUser Exists? (5.6ms)[0m  [1m[34mSELECT 1 AS one FROM "users" WHERE "users"."username" = 'mana' LIMIT 1 /*action='sign_up',application='SwapGoods',controller='auth'*/[0m
  ↳ app/services/authentication/Sign_up_service.rb:5:in `call'
  [1m[36mUser Exists? (0.4ms)[0m  [1m[34mSELECT 1 AS one FROM "users" WHERE "users"."email_address" = 'maneeer2006gmail.com' LIMIT 1 /*action='sign_up',application='SwapGoods',controller='auth'*/[0m
  ↳ app/services/authentication/Sign_up_service.rb:5:in `call'
  [1m[36mTRANSACTION (0.3ms)[0m  [1m[31mROLLBACK /*action='sign_up',application='SwapGoods',controller='auth'*/[0m
  ↳ app/services/authentication/Sign_up_service.rb:5:in `call'
Completed 422 Unprocessable Content in 486ms (Views: 1.7ms | ActiveRecord: 22.3ms (2 queries, 0 cached) | GC: 1.5ms)


Started POST "/api/v1/auth/signUp" for 127.0.0.1 at 2025-11-15 15:44:28 +0200
Processing by Api::V1::AuthController#sign_up as */*
  Parameters: {"user"=>{"email_address"=>"[FILTERED]", "username"=>"mana", "password"=>"[FILTERED]", "password_confirmation"=>"[FILTERED]", "location"=>"gaza"}, "auth"=>{"user"=>{"email_address"=>"[FILTERED]", "username"=>"mana", "password"=>"[FILTERED]", "password_confirmation"=>"[FILTERED]", "location"=>"gaza"}}}
  [1m[36mTRANSACTION (0.2ms)[0m  [1m[35mBEGIN /*action='sign_up',application='SwapGoods',controller='auth'*/[0m
  ↳ app/services/authentication/Sign_up_service.rb:5:in `call'
  [1m[36mUser Exists? (2.8ms)[0m  [1m[34mSELECT 1 AS one FROM "users" WHERE "users"."username" = 'mana' LIMIT 1 /*action='sign_up',application='SwapGoods',controller='auth'*/[0m
  ↳ app/services/authentication/Sign_up_service.rb:5:in `call'
  [1m[36mUser Exists? (0.5ms)[0m  [1m[34mSELECT 1 AS one FROM "users" WHERE "users"."email_address" = 'maneeer2006@gmail.com' LIMIT 1 /*action='sign_up',application='SwapGoods',controller='auth'*/[0m
  ↳ app/services/authentication/Sign_up_service.rb:5:in `call'
  [1m[36mUser Create (3.6ms)[0m  [1m[32mINSERT INTO "users" ("username", "email_address", "password_digest", "location", "created_at", "updated_at", "verified") VALUES ('mana', 'maneeer2006@gmail.com', '$2a$12$borvSK8DxKg3AxrbqGhr7.CYTE2X8fj8t8fxeDR0pfMVVYkfEno1e', 'gaza', '2025-11-15 13:44:28.523099', '2025-11-15 13:44:28.523099', FALSE) RETURNING "id" /*action='sign_up',application='SwapGoods',controller='auth'*/[0m
  ↳ app/services/authentication/Sign_up_service.rb:5:in `call'
  [1m[36mTRANSACTION (4.7ms)[0m  [1m[35mCOMMIT /*action='sign_up',application='SwapGoods',controller='auth'*/[0m
  ↳ app/services/authentication/Sign_up_service.rb:5:in `call'
Completed 201 Created in 434ms (Views: 0.3ms | ActiveRecord: 11.6ms (3 queries, 0 cached) | GC: 0.7ms)


Started POST "/api/v1/items" for 127.0.0.1 at 2025-11-15 15:47:26 +0200
  [1m[36mActiveRecord::SchemaMigration Load (1.0ms)[0m  [1m[34mSELECT "schema_migrations"."version" FROM "schema_migrations" ORDER BY "schema_migrations"."version" ASC /*application='SwapGoods'*/[0m
Processing by Api::V1::ItemsController#create as */*
  Parameters: {"name"=>"hellowrold", "description"=>"life is nice", "status"=>"0", "images"=>#<ActionDispatch::Http::UploadedFile:0x000070f0d4070158 @tempfile=#<Tempfile:/tmp/RackMultipart20251115-24224-6ny362.png>, @content_type="image/png", @original_filename="Screenshot from 2025-05-29 10-13-44.png", @headers="Content-Disposition: form-data; name=\"images\"; filename=\"Screenshot from 2025-05-29 10-13-44.png\"\r\nContent-Type: image/png\r\n">}
  [1m[36mUser Load (2.6ms)[0m  [1m[34mSELECT "users".* FROM "users" WHERE "users"."id" = 1 LIMIT 1 /*action='create',application='SwapGoods',controller='items'*/[0m
  ↳ app/controllers/application_controller.rb:21:in `authenticate_user'
Completed 400 Bad Request in 185ms (ActiveRecord: 23.1ms (1 query, 0 cached) | GC: 1.7ms)


  
ActionController::ParameterMissing (param is missing or the value is empty or invalid: item):
  
app/controllers/api/v1/items_controller.rb:32:in `item_params'
app/controllers/api/v1/items_controller.rb:15:in `create'
Started POST "/api/v1/items" for 127.0.0.1 at 2025-11-15 15:48:17 +0200
Processing by Api::V1::ItemsController#create as */*
  Parameters: {"item"=>{"name"=>"hellowrold", "description"=>"life is nice", "status"=>"0", "images"=>#<ActionDispatch::Http::UploadedFile:0x000070f0d4be4e30 @tempfile=#<Tempfile:/tmp/RackMultipart20251115-24224-ftvumq.png>, @content_type="image/png", @original_filename="Screenshot from 2025-05-29 10-13-44.png", @headers="Content-Disposition: form-data; name=\"item[images]\"; filename=\"Screenshot from 2025-05-29 10-13-44.png\"\r\nContent-Type: image/png\r\n">}}
  [1m[36mUser Load (1.6ms)[0m  [1m[34mSELECT "users".* FROM "users" WHERE "users"."id" = 1 LIMIT 1 /*action='create',application='SwapGoods',controller='items'*/[0m
  ↳ app/controllers/application_controller.rb:21:in `authenticate_user'
[31mUnpermitted parameter: :images. Context: { controller: Api::V1::ItemsController, action: create, request: #<ActionDispatch::Request:0x000070f0bf56bd70>, params: {"item"=>{"name"=>"hellowrold", "description"=>"life is nice", "status"=>"0", "images"=>#<ActionDispatch::Http::UploadedFile:0x000070f0d4be4e30 @tempfile=#<Tempfile:/tmp/RackMultipart20251115-24224-ftvumq.png>, @content_type="image/png", @original_filename="Screenshot from 2025-05-29 10-13-44.png", @headers="Content-Disposition: form-data; name=\"item[images]\"; filename=\"Screenshot from 2025-05-29 10-13-44.png\"\r\nContent-Type: image/png\r\n">}, "controller"=>"api/v1/items", "action"=>"create"} }[0m
  [1m[36mTRANSACTION (0.9ms)[0m  [1m[35mBEGIN /*action='create',application='SwapGoods',controller='items'*/[0m
  ↳ app/controllers/api/v1/items_controller.rb:17:in `create'
  [1m[36mItem Create (6.4ms)[0m  [1m[32mINSERT INTO "items" ("name", "description", "user_id", "status", "created_at", "updated_at") VALUES ('hellowrold', 'life is nice', 1, 0, '2025-11-15 13:48:17.177914', '2025-11-15 13:48:17.177914') RETURNING "id" /*action='create',application='SwapGoods',controller='items'*/[0m
  ↳ app/controllers/api/v1/items_controller.rb:17:in `create'
  [1m[36mTRANSACTION (2.1ms)[0m  [1m[35mCOMMIT /*action='create',application='SwapGoods',controller='items'*/[0m
  ↳ app/controllers/api/v1/items_controller.rb:17:in `create'
Completed 500 Internal Server Error in 94ms (ActiveRecord: 11.9ms (2 queries, 0 cached) | GC: 2.0ms)


  
NoMethodError (undefined method `each' for #<ActionDispatch::Http::UploadedFile:0x000070f0d4be4e30 @tempfile=#<Tempfile:/tmp/RackMultipart20251115-24224-ftvumq.png>, @content_type="image/png", @original_filename="Screenshot from 2025-05-29 10-13-44.png", @headers="Content-Disposition: form-data; name=\"item[images]\"; filename=\"Screenshot from 2025-05-29 10-13-44.png\"\r\nContent-Type: image/png\r\n">):
  
app/controllers/api/v1/items_controller.rb:40:in `attach_images'
app/controllers/api/v1/items_controller.rb:18:in `create'
Started POST "/api/v1/items" for 127.0.0.1 at 2025-11-15 15:49:27 +0200
  [1m[36mActiveRecord::SchemaMigration Load (3.3ms)[0m  [1m[34mSELECT "schema_migrations"."version" FROM "schema_migrations" ORDER BY "schema_migrations"."version" ASC /*application='SwapGoods'*/[0m
Processing by Api::V1::ItemsController#create as */*
  Parameters: {"item"=>{"name"=>"hellowrold", "description"=>"life is nice", "status"=>"0", "images"=>#<ActionDispatch::Http::UploadedFile:0x00007f6a3cb7a928 @tempfile=#<Tempfile:/tmp/RackMultipart20251115-24531-f0veml.png>, @content_type="image/png", @original_filename="Screenshot from 2025-05-29 10-13-44.png", @headers="Content-Disposition: form-data; name=\"item[images]\"; filename=\"Screenshot from 2025-05-29 10-13-44.png\"\r\nContent-Type: image/png\r\n">}}
  [1m[36mUser Load (2.0ms)[0m  [1m[34mSELECT "users".* FROM "users" WHERE "users"."id" = 1 LIMIT 1 /*action='create',application='SwapGoods',controller='items'*/[0m
  ↳ app/controllers/application_controller.rb:21:in `authenticate_user'
[31mUnpermitted parameter: :images. Context: { controller: Api::V1::ItemsController, action: create, request: #<ActionDispatch::Request:0x00007f6a3dc744e0>, params: {"item"=>{"name"=>"hellowrold", "description"=>"life is nice", "status"=>"0", "images"=>#<ActionDispatch::Http::UploadedFile:0x00007f6a3cb7a928 @tempfile=#<Tempfile:/tmp/RackMultipart20251115-24531-f0veml.png>, @content_type="image/png", @original_filename="Screenshot from 2025-05-29 10-13-44.png", @headers="Content-Disposition: form-data; name=\"item[images]\"; filename=\"Screenshot from 2025-05-29 10-13-44.png\"\r\nContent-Type: image/png\r\n">}, "controller"=>"api/v1/items", "action"=>"create"} }[0m
  [1m[36mTRANSACTION (0.2ms)[0m  [1m[35mBEGIN /*action='create',application='SwapGoods',controller='items'*/[0m
  ↳ app/controllers/api/v1/items_controller.rb:17:in `create'
  [1m[36mItem Create (3.9ms)[0m  [1m[32mINSERT INTO "items" ("name", "description", "user_id", "status", "created_at", "updated_at") VALUES ('hellowrold', 'life is nice', 1, 0, '2025-11-15 13:49:28.715654', '2025-11-15 13:49:28.715654') RETURNING "id" /*action='create',application='SwapGoods',controller='items'*/[0m
  ↳ app/controllers/api/v1/items_controller.rb:17:in `create'
  [1m[36mTRANSACTION (2.1ms)[0m  [1m[35mCOMMIT /*action='create',application='SwapGoods',controller='items'*/[0m
  ↳ app/controllers/api/v1/items_controller.rb:17:in `create'
  [1m[36mActiveStorage::Attachment Load (5.1ms)[0m  [1m[34mSELECT "active_storage_attachments".* FROM "active_storage_attachments" WHERE "active_storage_attachments"."record_id" = 2 AND "active_storage_attachments"."record_type" = 'Item' AND "active_storage_attachments"."name" = 'images' /*action='create',application='SwapGoods',controller='items'*/[0m
  ↳ app/serializers/item_serializer.rb:16:in `block in <class:ItemSerializer>'
Completed 201 Created in 401ms (Views: 0.5ms | ActiveRecord: 48.0ms (3 queries, 0 cached) | GC: 1.8ms)


Started POST "/api/v1/items" for 127.0.0.1 at 2025-11-15 15:50:49 +0200
  [1m[36mActiveRecord::SchemaMigration Load (0.9ms)[0m  [1m[34mSELECT "schema_migrations"."version" FROM "schema_migrations" ORDER BY "schema_migrations"."version" ASC /*application='SwapGoods'*/[0m
Processing by Api::V1::ItemsController#create as */*
  Parameters: {"item"=>{"name"=>"hellowrold", "description"=>"life is nice", "status"=>"0", "images"=>#<ActionDispatch::Http::UploadedFile:0x00007c9d35b49890 @tempfile=#<Tempfile:/tmp/RackMultipart20251115-24677-ysafnf.png>, @content_type="image/png", @original_filename="Screenshot from 2025-05-29 10-13-44.png", @headers="Content-Disposition: form-data; name=\"item[images]\"; filename=\"Screenshot from 2025-05-29 10-13-44.png\"\r\nContent-Type: image/png\r\n">}}
  [1m[36mUser Load (0.8ms)[0m  [1m[34mSELECT "users".* FROM "users" WHERE "users"."id" = 1 LIMIT 1 /*action='create',application='SwapGoods',controller='items'*/[0m
  ↳ app/controllers/application_controller.rb:21:in `authenticate_user'
[31mUnpermitted parameter: :images. Context: { controller: Api::V1::ItemsController, action: create, request: #<ActionDispatch::Request:0x00007c9d369c69b8>, params: {"item"=>{"name"=>"hellowrold", "description"=>"life is nice", "status"=>"0", "images"=>#<ActionDispatch::Http::UploadedFile:0x00007c9d35b49890 @tempfile=#<Tempfile:/tmp/RackMultipart20251115-24677-ysafnf.png>, @content_type="image/png", @original_filename="Screenshot from 2025-05-29 10-13-44.png", @headers="Content-Disposition: form-data; name=\"item[images]\"; filename=\"Screenshot from 2025-05-29 10-13-44.png\"\r\nContent-Type: image/png\r\n">}, "controller"=>"api/v1/items", "action"=>"create"} }[0m
  [1m[36mTRANSACTION (0.3ms)[0m  [1m[35mBEGIN /*action='create',application='SwapGoods',controller='items'*/[0m
  ↳ app/controllers/api/v1/items_controller.rb:17:in `create'
  [1m[36mItem Create (6.3ms)[0m  [1m[32mINSERT INTO "items" ("name", "description", "user_id", "status", "created_at", "updated_at") VALUES ('hellowrold', 'life is nice', 1, 0, '2025-11-15 13:50:49.921242', '2025-11-15 13:50:49.921242') RETURNING "id" /*action='create',application='SwapGoods',controller='items'*/[0m
  ↳ app/controllers/api/v1/items_controller.rb:17:in `create'
  [1m[36mTRANSACTION (1.6ms)[0m  [1m[35mCOMMIT /*action='create',application='SwapGoods',controller='items'*/[0m
  ↳ app/controllers/api/v1/items_controller.rb:17:in `create'
  [1m[36mActiveStorage::Attachment Load (3.2ms)[0m  [1m[34mSELECT "active_storage_attachments".* FROM "active_storage_attachments" WHERE "active_storage_attachments"."record_id" = 3 AND "active_storage_attachments"."record_type" = 'Item' AND "active_storage_attachments"."name" = 'images' /*action='create',application='SwapGoods',controller='items'*/[0m
  ↳ app/controllers/api/v1/items_controller.rb:22:in `create'
Completed 201 Created in 389ms (Views: 0.5ms | ActiveRecord: 48.5ms (3 queries, 0 cached) | GC: 2.0ms)


Started POST "/api/v1/items" for 127.0.0.1 at 2025-11-15 15:54:18 +0200
  [1m[36mActiveRecord::SchemaMigration Load (1.1ms)[0m  [1m[34mSELECT "schema_migrations"."version" FROM "schema_migrations" ORDER BY "schema_migrations"."version" ASC /*application='SwapGoods'*/[0m
Processing by Api::V1::ItemsController#create as */*
  Parameters: {"item"=>{"name"=>"hellowrold", "description"=>"life is nice", "status"=>"0", "images"=>#<ActionDispatch::Http::UploadedFile:0x000074da0442bf00 @tempfile=#<Tempfile:/tmp/RackMultipart20251115-24967-mm35b0.png>, @content_type="image/png", @original_filename="Screenshot from 2025-05-29 10-13-44.png", @headers="Content-Disposition: form-data; name=\"item[images]\"; filename=\"Screenshot from 2025-05-29 10-13-44.png\"\r\nContent-Type: image/png\r\n">}}
  [1m[36mUser Load (1.7ms)[0m  [1m[34mSELECT "users".* FROM "users" WHERE "users"."id" = 1 LIMIT 1 /*action='create',application='SwapGoods',controller='items'*/[0m
  ↳ app/controllers/application_controller.rb:21:in `authenticate_user'
[31mUnpermitted parameter: :images. Context: { controller: Api::V1::ItemsController, action: create, request: #<ActionDispatch::Request:0x000074da0188e258>, params: {"item"=>{"name"=>"hellowrold", "description"=>"life is nice", "status"=>"0", "images"=>#<ActionDispatch::Http::UploadedFile:0x000074da0442bf00 @tempfile=#<Tempfile:/tmp/RackMultipart20251115-24967-mm35b0.png>, @content_type="image/png", @original_filename="Screenshot from 2025-05-29 10-13-44.png", @headers="Content-Disposition: form-data; name=\"item[images]\"; filename=\"Screenshot from 2025-05-29 10-13-44.png\"\r\nContent-Type: image/png\r\n">}, "controller"=>"api/v1/items", "action"=>"create"} }[0m
  [1m[36mTRANSACTION (2.1ms)[0m  [1m[35mBEGIN /*action='create',application='SwapGoods',controller='items'*/[0m
  ↳ app/controllers/api/v1/items_controller.rb:17:in `create'
  [1m[36mItem Create (12.1ms)[0m  [1m[32mINSERT INTO "items" ("name", "description", "user_id", "status", "created_at", "updated_at") VALUES ('hellowrold', 'life is nice', 1, 0, '2025-11-15 13:54:19.068138', '2025-11-15 13:54:19.068138') RETURNING "id" /*action='create',application='SwapGoods',controller='items'*/[0m
  ↳ app/controllers/api/v1/items_controller.rb:17:in `create'
  [1m[36mTRANSACTION (2.3ms)[0m  [1m[35mCOMMIT /*action='create',application='SwapGoods',controller='items'*/[0m
  ↳ app/controllers/api/v1/items_controller.rb:17:in `create'
  [1m[36mActiveStorage::Attachment Load (1.1ms)[0m  [1m[34mSELECT "active_storage_attachments".* FROM "active_storage_attachments" WHERE "active_storage_attachments"."record_id" = 4 AND "active_storage_attachments"."record_type" = 'Item' AND "active_storage_attachments"."name" = 'images' /*action='create',application='SwapGoods',controller='items'*/[0m
  ↳ app/controllers/api/v1/items_controller.rb:22:in `create'
Completed 201 Created in 489ms (Views: 0.5ms | ActiveRecord: 65.5ms (3 queries, 0 cached) | GC: 78.7ms)


Started POST "/api/v1/items" for 127.0.0.1 at 2025-11-15 15:55:37 +0200
  [1m[36mActiveRecord::SchemaMigration Load (3.2ms)[0m  [1m[34mSELECT "schema_migrations"."version" FROM "schema_migrations" ORDER BY "schema_migrations"."version" ASC /*application='SwapGoods'*/[0m
Processing by Api::V1::ItemsController#create as */*
  Parameters: {"item"=>{"name"=>"hellowrold", "description"=>"life is nice", "status"=>"0", "images"=>#<ActionDispatch::Http::UploadedFile:0x000077d438d1e938 @tempfile=#<Tempfile:/tmp/RackMultipart20251115-25208-yrb8wd.png>, @content_type="image/png", @original_filename="Screenshot from 2025-05-29 10-13-44.png", @headers="Content-Disposition: form-data; name=\"item[images]\"; filename=\"Screenshot from 2025-05-29 10-13-44.png\"\r\nContent-Type: image/png\r\n">}}
  [1m[36mUser Load (2.0ms)[0m  [1m[34mSELECT "users".* FROM "users" WHERE "users"."id" = 1 LIMIT 1 /*action='create',application='SwapGoods',controller='items'*/[0m
  ↳ app/controllers/application_controller.rb:21:in `authenticate_user'
[31mUnpermitted parameter: :images. Context: { controller: Api::V1::ItemsController, action: create, request: #<ActionDispatch::Request:0x000077d43b19ba40>, params: {"item"=>{"name"=>"hellowrold", "description"=>"life is nice", "status"=>"0", "images"=>#<ActionDispatch::Http::UploadedFile:0x000077d438d1e938 @tempfile=#<Tempfile:/tmp/RackMultipart20251115-25208-yrb8wd.png>, @content_type="image/png", @original_filename="Screenshot from 2025-05-29 10-13-44.png", @headers="Content-Disposition: form-data; name=\"item[images]\"; filename=\"Screenshot from 2025-05-29 10-13-44.png\"\r\nContent-Type: image/png\r\n">}, "controller"=>"api/v1/items", "action"=>"create"} }[0m
  [1m[36mTRANSACTION (2.9ms)[0m  [1m[35mBEGIN /*action='create',application='SwapGoods',controller='items'*/[0m
  ↳ app/controllers/api/v1/items_controller.rb:17:in `create'
  [1m[36mItem Create (17.1ms)[0m  [1m[32mINSERT INTO "items" ("name", "description", "user_id", "status", "created_at", "updated_at") VALUES ('hellowrold', 'life is nice', 1, 0, '2025-11-15 13:55:38.947763', '2025-11-15 13:55:38.947763') RETURNING "id" /*action='create',application='SwapGoods',controller='items'*/[0m
  ↳ app/controllers/api/v1/items_controller.rb:17:in `create'
  [1m[36mTRANSACTION (3.5ms)[0m  [1m[35mCOMMIT /*action='create',application='SwapGoods',controller='items'*/[0m
  ↳ app/controllers/api/v1/items_controller.rb:17:in `create'
  [1m[36mActiveStorage::Attachment Load (7.5ms)[0m  [1m[34mSELECT "active_storage_attachments".* FROM "active_storage_attachments" WHERE "active_storage_attachments"."record_id" = 5 AND "active_storage_attachments"."record_type" = 'Item' AND "active_storage_attachments"."name" = 'images' /*action='create',application='SwapGoods',controller='items'*/[0m
  ↳ app/controllers/api/v1/items_controller.rb:22:in `create'
Completed 201 Created in 704ms (Views: 4.5ms | ActiveRecord: 106.8ms (3 queries, 0 cached) | GC: 20.5ms)


  [1m[36mActiveRecord::SchemaMigration Load (1.6ms)[0m  [1m[34mSELECT "schema_migrations"."version" FROM "schema_migrations" ORDER BY "schema_migrations"."version" ASC /*application='SwapGoods'*/[0m
  [1m[36mItem Load (3.4ms)[0m  [1m[34mSELECT "items".* FROM "items" ORDER BY "items"."id" ASC LIMIT 1 /*application='SwapGoods'*/[0m
  [1m[36mActiveStorage::Attachment Exists? (1.9ms)[0m  [1m[34mSELECT 1 AS one FROM "active_storage_attachments" WHERE "active_storage_attachments"."record_id" = 1 AND "active_storage_attachments"."record_type" = 'Item' AND "active_storage_attachments"."name" = 'images' LIMIT 1 /*application='SwapGoods'*/[0m
Started POST "/api/v1/items" for 127.0.0.1 at 2025-11-15 19:35:48 +0200
  [1m[36mActiveRecord::SchemaMigration Load (1.6ms)[0m  [1m[34mSELECT "schema_migrations"."version" FROM "schema_migrations" ORDER BY "schema_migrations"."version" ASC /*application='SwapGoods'*/[0m
Processing by Api::V1::ItemsController#create as */*
  Parameters: {"item"=>{"name"=>"nice one here ", "description"=>"life is nice", "status"=>"0", "images"=>#<ActionDispatch::Http::UploadedFile:0x0000774d507fe350 @tempfile=#<Tempfile:/tmp/RackMultipart20251115-28907-eyv79h.png>, @content_type="image/png", @original_filename="Screenshot from 2025-05-29 10-13-44.png", @headers="Content-Disposition: form-data; name=\"item[images]\"; filename=\"Screenshot from 2025-05-29 10-13-44.png\"\r\nContent-Type: image/png\r\n">}}
  [1m[36mUser Load (1.5ms)[0m  [1m[34mSELECT "users".* FROM "users" WHERE "users"."id" = 1 LIMIT 1 /*action='create',application='SwapGoods',controller='items'*/[0m
  ↳ app/controllers/application_controller.rb:21:in `authenticate_user'
[31mUnpermitted parameter: :images. Context: { controller: Api::V1::ItemsController, action: create, request: #<ActionDispatch::Request:0x0000774d4dbdbd68>, params: {"item"=>{"name"=>"nice one here ", "description"=>"life is nice", "status"=>"0", "images"=>#<ActionDispatch::Http::UploadedFile:0x0000774d507fe350 @tempfile=#<Tempfile:/tmp/RackMultipart20251115-28907-eyv79h.png>, @content_type="image/png", @original_filename="Screenshot from 2025-05-29 10-13-44.png", @headers="Content-Disposition: form-data; name=\"item[images]\"; filename=\"Screenshot from 2025-05-29 10-13-44.png\"\r\nContent-Type: image/png\r\n">}, "controller"=>"api/v1/items", "action"=>"create"} }[0m
  [1m[36mTRANSACTION (0.3ms)[0m  [1m[35mBEGIN /*action='create',application='SwapGoods',controller='items'*/[0m
  ↳ app/controllers/api/v1/items_controller.rb:17:in `create'
  [1m[36mItem Create (6.1ms)[0m  [1m[32mINSERT INTO "items" ("name", "description", "user_id", "status", "created_at", "updated_at") VALUES ('nice one here ', 'life is nice', 1, 0, '2025-11-15 17:35:49.313819', '2025-11-15 17:35:49.313819') RETURNING "id" /*action='create',application='SwapGoods',controller='items'*/[0m
  ↳ app/controllers/api/v1/items_controller.rb:17:in `create'
  [1m[36mTRANSACTION (4.3ms)[0m  [1m[35mCOMMIT /*action='create',application='SwapGoods',controller='items'*/[0m
  ↳ app/controllers/api/v1/items_controller.rb:17:in `create'
Completed 201 Created in 555ms (Views: 1.2ms | ActiveRecord: 47.6ms (2 queries, 0 cached) | GC: 106.9ms)


  [1m[36mItem Load (1.1ms)[0m  [1m[34mSELECT "items".* FROM "items" WHERE "items"."id" = 6 LIMIT 1 /*application='SwapGoods'*/[0m
  [1m[36mActiveStorage::Attachment Exists? (1.2ms)[0m  [1m[34mSELECT 1 AS one FROM "active_storage_attachments" WHERE "active_storage_attachments"."record_id" = 6 AND "active_storage_attachments"."record_type" = 'Item' AND "active_storage_attachments"."name" = 'images' LIMIT 1 /*application='SwapGoods'*/[0m
Started POST "/api/v1/items" for 127.0.0.1 at 2025-11-15 20:02:53 +0200
  [1m[36mActiveRecord::SchemaMigration Load (1.7ms)[0m  [1m[34mSELECT "schema_migrations"."version" FROM "schema_migrations" ORDER BY "schema_migrations"."version" ASC /*application='SwapGoods'*/[0m
  
ActiveRecord::PendingMigrationError (

Migrations are pending. To resolve this issue, run:

        bin/rails db:migrate

You have 3 pending migrations:

db/migrate/20251111082100_create_users.rb
db/migrate/20251113065108_add_verified_to_users.rb
db/migrate/20251115064038_create_items.rb


):
  
activerecord (8.0.4) lib/active_record/migration.rb:742:in `check_pending_migrations'
activerecord (8.0.4) lib/active_record/migration.rb:659:in `block (2 levels) in call'
activesupport (8.0.4) lib/active_support/file_update_checker.rb:85:in `execute'
activerecord (8.0.4) lib/active_record/migration.rb:664:in `block in call'
activerecord (8.0.4) lib/active_record/migration.rb:656:in `synchronize'
activerecord (8.0.4) lib/active_record/migration.rb:656:in `call'
actionpack (8.0.4) lib/action_dispatch/middleware/callbacks.rb:31:in `block in call'
activesupport (8.0.4) lib/active_support/callbacks.rb:100:in `run_callbacks'
actionpack (8.0.4) lib/action_dispatch/middleware/callbacks.rb:30:in `call'
actionpack (8.0.4) lib/action_dispatch/middleware/executor.rb:16:in `call'
actionpack (8.0.4) lib/action_dispatch/middleware/actionable_exceptions.rb:18:in `call'
actionpack (8.0.4) lib/action_dispatch/middleware/debug_exceptions.rb:31:in `call'
actionpack (8.0.4) lib/action_dispatch/middleware/show_exceptions.rb:32:in `call'
railties (8.0.4) lib/rails/rack/logger.rb:41:in `call_app'
railties (8.0.4) lib/rails/rack/logger.rb:29:in `call'
actionpack (8.0.4) lib/action_dispatch/middleware/remote_ip.rb:96:in `call'
actionpack (8.0.4) lib/action_dispatch/middleware/request_id.rb:34:in `call'
rack (3.2.4) lib/rack/runtime.rb:24:in `call'
actionpack (8.0.4) lib/action_dispatch/middleware/server_timing.rb:61:in `block in call'
actionpack (8.0.4) lib/action_dispatch/middleware/server_timing.rb:26:in `collect_events'
actionpack (8.0.4) lib/action_dispatch/middleware/server_timing.rb:60:in `call'
actionpack (8.0.4) lib/action_dispatch/middleware/executor.rb:16:in `call'
actionpack (8.0.4) lib/action_dispatch/middleware/static.rb:27:in `call'
rack (3.2.4) lib/rack/sendfile.rb:131:in `call'
actionpack (8.0.4) lib/action_dispatch/middleware/host_authorization.rb:143:in `call'
railties (8.0.4) lib/rails/engine.rb:535:in `call'
puma (7.1.0) lib/puma/configuration.rb:300:in `call'
puma (7.1.0) lib/puma/request.rb:101:in `block in handle_request'
puma (7.1.0) lib/puma/thread_pool.rb:355:in `with_force_shutdown'
puma (7.1.0) lib/puma/request.rb:100:in `handle_request'
puma (7.1.0) lib/puma/server.rb:503:in `process_client'
puma (7.1.0) lib/puma/server.rb:262:in `block in run'
puma (7.1.0) lib/puma/thread_pool.rb:182:in `block in spawn_thread'
  [1m[35m (0.2ms)[0m  [1m[34mSELECT pg_try_advisory_lock(2883267396278098725) /*application='SwapGoods'*/[0m
  [1m[36mActiveRecord::SchemaMigration Load (1.3ms)[0m  [1m[34mSELECT "schema_migrations"."version" FROM "schema_migrations" ORDER BY "schema_migrations"."version" ASC /*application='SwapGoods'*/[0m
  [1m[36mActiveRecord::InternalMetadata Load (1.5ms)[0m  [1m[34mSELECT * FROM "ar_internal_metadata" WHERE "ar_internal_metadata"."key" = 'environment' ORDER BY "ar_internal_metadata"."key" ASC LIMIT 1 /*application='SwapGoods'*/[0m
Migrating to CreateUsers (20251111082100)
  [1m[36mTRANSACTION (0.3ms)[0m  [1m[35mBEGIN /*application='SwapGoods'*/[0m
  [1m[35m (7.1ms)[0m  [1m[35mCREATE TABLE "users" ("id" bigserial primary key, "username" character varying, "email_address" character varying, "password_digest" character varying, "location" character varying, "created_at" timestamp(6) NOT NULL, "updated_at" timestamp(6) NOT NULL) /*application='SwapGoods'*/[0m
  [1m[36mTRANSACTION (0.3ms)[0m  [1m[31mROLLBACK /*application='SwapGoods'*/[0m
  [1m[35m (0.5ms)[0m  [1m[34mSELECT pg_advisory_unlock(2883267396278098725) /*application='SwapGoods'*/[0m
  [1m[36mActiveRecord::SchemaMigration Load (1.5ms)[0m  [1m[34mSELECT "schema_migrations"."version" FROM "schema_migrations" ORDER BY "schema_migrations"."version" ASC /*application='SwapGoods'*/[0m
  [1m[36mActiveRecord::SchemaMigration Load (0.9ms)[0m  [1m[34mSELECT "schema_migrations"."version" FROM "schema_migrations" ORDER BY "schema_migrations"."version" ASC /*application='SwapGoods'*/[0m
  [1m[36mActiveRecord::SchemaMigration Load (0.3ms)[0m  [1m[34mSELECT "schema_migrations"."version" FROM "schema_migrations" ORDER BY "schema_migrations"."version" ASC /*application='SwapGoods'*/[0m
  [1m[35m (0.3ms)[0m  [1m[34mSELECT pg_try_advisory_lock(2883267396278098725) /*application='SwapGoods'*/[0m
  [1m[36mActiveRecord::SchemaMigration Load (1.4ms)[0m  [1m[34mSELECT "schema_migrations"."version" FROM "schema_migrations" ORDER BY "schema_migrations"."version" ASC /*application='SwapGoods'*/[0m
Reverting CreateActiveStorageTables (20251115131525)
  [1m[36mTRANSACTION (0.6ms)[0m  [1m[35mBEGIN /*application='SwapGoods'*/[0m
  [1m[35m (6.8ms)[0m  [1m[35mDROP TABLE "active_storage_variant_records" /*application='SwapGoods'*/[0m
  [1m[35m (3.5ms)[0m  [1m[35mDROP TABLE "active_storage_attachments" /*application='SwapGoods'*/[0m
  [1m[35m (2.9ms)[0m  [1m[35mDROP TABLE "active_storage_blobs" /*application='SwapGoods'*/[0m
  [1m[36mActiveRecord::SchemaMigration Destroy (2.8ms)[0m  [1m[31mDELETE FROM "schema_migrations" WHERE "schema_migrations"."version" = '20251115131525' /*application='SwapGoods'*/[0m
  [1m[36mTRANSACTION (4.8ms)[0m  [1m[35mCOMMIT /*application='SwapGoods'*/[0m
  [1m[35m (1.2ms)[0m  [1m[34mSELECT pg_advisory_unlock(2883267396278098725) /*application='SwapGoods'*/[0m
  [1m[36mActiveRecord::SchemaMigration Load (0.6ms)[0m  [1m[34mSELECT "schema_migrations"."version" FROM "schema_migrations" ORDER BY "schema_migrations"."version" ASC /*application='SwapGoods'*/[0m
  [1m[36mActiveRecord::SchemaMigration Load (1.4ms)[0m  [1m[34mSELECT "schema_migrations"."version" FROM "schema_migrations" ORDER BY "schema_migrations"."version" ASC /*application='SwapGoods'*/[0m
  [1m[36mActiveRecord::SchemaMigration Load (0.5ms)[0m  [1m[34mSELECT "schema_migrations"."version" FROM "schema_migrations" ORDER BY "schema_migrations"."version" ASC /*application='SwapGoods'*/[0m
  [1m[36mActiveRecord::SchemaMigration Load (0.3ms)[0m  [1m[34mSELECT "schema_migrations"."version" FROM "schema_migrations" ORDER BY "schema_migrations"."version" ASC /*application='SwapGoods'*/[0m
  [1m[35m (0.2ms)[0m  [1m[34mSELECT pg_try_advisory_lock(2883267396278098725) /*application='SwapGoods'*/[0m
  [1m[36mActiveRecord::SchemaMigration Load (1.3ms)[0m  [1m[34mSELECT "schema_migrations"."version" FROM "schema_migrations" ORDER BY "schema_migrations"."version" ASC /*application='SwapGoods'*/[0m
  [1m[36mActiveRecord::InternalMetadata Load (1.3ms)[0m  [1m[34mSELECT * FROM "ar_internal_metadata" WHERE "ar_internal_metadata"."key" = 'environment' ORDER BY "ar_internal_metadata"."key" ASC LIMIT 1 /*application='SwapGoods'*/[0m
Migrating to CreateUsers (20251111082100)
  [1m[36mTRANSACTION (0.3ms)[0m  [1m[35mBEGIN /*application='SwapGoods'*/[0m
  [1m[35m (2.6ms)[0m  [1m[35mCREATE TABLE "users" ("id" bigserial primary key, "username" character varying, "email_address" character varying, "password_digest" character varying, "location" character varying, "created_at" timestamp(6) NOT NULL, "updated_at" timestamp(6) NOT NULL) /*application='SwapGoods'*/[0m
  [1m[36mTRANSACTION (0.5ms)[0m  [1m[31mROLLBACK /*application='SwapGoods'*/[0m
  [1m[35m (1.5ms)[0m  [1m[34mSELECT pg_advisory_unlock(2883267396278098725) /*application='SwapGoods'*/[0m
  [1m[36mCACHE ActiveRecord::SchemaMigration Load (1.2ms)[0m  [1m[34mSELECT "schema_migrations"."version" FROM "schema_migrations" ORDER BY "schema_migrations"."version" ASC[0m
  [1m[36mActiveRecord::SchemaMigration Load (1.4ms)[0m  [1m[34mSELECT "schema_migrations"."version" FROM "schema_migrations" ORDER BY "schema_migrations"."version" ASC /*application='SwapGoods'*/[0m
Started POST "/api/v1/auth/signUp?email_address=[FILTERED]&username=manar&location=gaza&password=[FILTERED]&password_confirmation=[FILTERED]" for 127.0.0.1 at 2025-11-16 07:29:23 +0200
  [1m[36mActiveRecord::SchemaMigration Load (1.6ms)[0m  [1m[34mSELECT "schema_migrations"."version" FROM "schema_migrations" ORDER BY "schema_migrations"."version" ASC /*application='SwapGoods'*/[0m
  
ActiveRecord::PendingMigrationError (

Migrations are pending. To resolve this issue, run:

        bin/rails db:migrate

You have 2 pending migrations:

db/migrate/20251111082100_create_users.rb
db/migrate/20251113065108_add_verified_to_users.rb


):
  
activerecord (8.0.4) lib/active_record/migration.rb:742:in `check_pending_migrations'
activerecord (8.0.4) lib/active_record/migration.rb:659:in `block (2 levels) in call'
activesupport (8.0.4) lib/active_support/file_update_checker.rb:85:in `execute'
activerecord (8.0.4) lib/active_record/migration.rb:664:in `block in call'
activerecord (8.0.4) lib/active_record/migration.rb:656:in `synchronize'
activerecord (8.0.4) lib/active_record/migration.rb:656:in `call'
actionpack (8.0.4) lib/action_dispatch/middleware/callbacks.rb:31:in `block in call'
activesupport (8.0.4) lib/active_support/callbacks.rb:100:in `run_callbacks'
actionpack (8.0.4) lib/action_dispatch/middleware/callbacks.rb:30:in `call'
actionpack (8.0.4) lib/action_dispatch/middleware/executor.rb:16:in `call'
actionpack (8.0.4) lib/action_dispatch/middleware/actionable_exceptions.rb:18:in `call'
actionpack (8.0.4) lib/action_dispatch/middleware/debug_exceptions.rb:31:in `call'
actionpack (8.0.4) lib/action_dispatch/middleware/show_exceptions.rb:32:in `call'
railties (8.0.4) lib/rails/rack/logger.rb:41:in `call_app'
railties (8.0.4) lib/rails/rack/logger.rb:29:in `call'
actionpack (8.0.4) lib/action_dispatch/middleware/remote_ip.rb:96:in `call'
actionpack (8.0.4) lib/action_dispatch/middleware/request_id.rb:34:in `call'
rack (3.2.4) lib/rack/runtime.rb:24:in `call'
actionpack (8.0.4) lib/action_dispatch/middleware/server_timing.rb:61:in `block in call'
actionpack (8.0.4) lib/action_dispatch/middleware/server_timing.rb:26:in `collect_events'
actionpack (8.0.4) lib/action_dispatch/middleware/server_timing.rb:60:in `call'
actionpack (8.0.4) lib/action_dispatch/middleware/executor.rb:16:in `call'
actionpack (8.0.4) lib/action_dispatch/middleware/static.rb:27:in `call'
rack (3.2.4) lib/rack/sendfile.rb:131:in `call'
actionpack (8.0.4) lib/action_dispatch/middleware/host_authorization.rb:143:in `call'
railties (8.0.4) lib/rails/engine.rb:535:in `call'
puma (7.1.0) lib/puma/configuration.rb:300:in `call'
puma (7.1.0) lib/puma/request.rb:101:in `block in handle_request'
puma (7.1.0) lib/puma/thread_pool.rb:355:in `with_force_shutdown'
puma (7.1.0) lib/puma/request.rb:100:in `handle_request'
puma (7.1.0) lib/puma/server.rb:503:in `process_client'
puma (7.1.0) lib/puma/server.rb:262:in `block in run'
puma (7.1.0) lib/puma/thread_pool.rb:182:in `block in spawn_thread'
  [1m[35m (1.0ms)[0m  [1m[34mSELECT pg_try_advisory_lock(2883267396278098725) /*application='SwapGoods'*/[0m
  [1m[36mActiveRecord::SchemaMigration Load (1.3ms)[0m  [1m[34mSELECT "schema_migrations"."version" FROM "schema_migrations" ORDER BY "schema_migrations"."version" ASC /*application='SwapGoods'*/[0m
  [1m[36mActiveRecord::InternalMetadata Load (1.7ms)[0m  [1m[34mSELECT * FROM "ar_internal_metadata" WHERE "ar_internal_metadata"."key" = 'environment' ORDER BY "ar_internal_metadata"."key" ASC LIMIT 1 /*application='SwapGoods'*/[0m
Migrating to CreateUsers (20251111082100)
  [1m[36mTRANSACTION (0.2ms)[0m  [1m[35mBEGIN /*application='SwapGoods'*/[0m
  [1m[35m (8.4ms)[0m  [1m[35mCREATE TABLE "users" ("id" bigserial primary key, "username" character varying, "email_address" character varying, "password_digest" character varying, "location" character varying, "created_at" timestamp(6) NOT NULL, "updated_at" timestamp(6) NOT NULL) /*application='SwapGoods'*/[0m
  [1m[36mTRANSACTION (0.3ms)[0m  [1m[31mROLLBACK /*application='SwapGoods'*/[0m
  [1m[35m (0.5ms)[0m  [1m[34mSELECT pg_advisory_unlock(2883267396278098725) /*application='SwapGoods'*/[0m
  [1m[36mActiveRecord::SchemaMigration Load (1.1ms)[0m  [1m[34mSELECT "schema_migrations"."version" FROM "schema_migrations" ORDER BY "schema_migrations"."version" ASC /*application='SwapGoods'*/[0m
  [1m[36mActiveRecord::InternalMetadata Load (1.0ms)[0m  [1m[34mSELECT * FROM "ar_internal_metadata" WHERE "ar_internal_metadata"."key" = 'environment' ORDER BY "ar_internal_metadata"."key" ASC LIMIT 1 /*application='SwapGoods'*/[0m
  [1m[36mActiveRecord::SchemaMigration Load (0.2ms)[0m  [1m[34mSELECT "schema_migrations"."version" FROM "schema_migrations" ORDER BY "schema_migrations"."version" ASC /*application='SwapGoods'*/[0m
  [1m[36mActiveRecord::InternalMetadata Load (0.6ms)[0m  [1m[34mSELECT * FROM "ar_internal_metadata" WHERE "ar_internal_metadata"."key" = 'environment' ORDER BY "ar_internal_metadata"."key" ASC LIMIT 1 /*application='SwapGoods'*/[0m
  [1m[36mActiveRecord::SchemaMigration Load (0.2ms)[0m  [1m[34mSELECT "schema_migrations"."version" FROM "schema_migrations" ORDER BY "schema_migrations"."version" ASC /*application='SwapGoods'*/[0m
  [1m[36mActiveRecord::InternalMetadata Load (0.6ms)[0m  [1m[34mSELECT * FROM "ar_internal_metadata" WHERE "ar_internal_metadata"."key" = 'environment' ORDER BY "ar_internal_metadata"."key" ASC LIMIT 1 /*application='SwapGoods'*/[0m
  [1m[35mSQL (0.1ms)[0m  [1m[35mSET search_path TO public /*application='SwapGoods'*/[0m
  [1m[35m (5059.9ms)[0m  [1m[35mDROP DATABASE IF EXISTS "blogdeploy_development" /*application='SwapGoods'*/[0m
  [1m[36mActiveRecord::SchemaMigration Load (1.3ms)[0m  [1m[34mSELECT "schema_migrations"."version" FROM "schema_migrations" ORDER BY "schema_migrations"."version" ASC /*application='SwapGoods'*/[0m
  [1m[36mActiveRecord::InternalMetadata Load (1.0ms)[0m  [1m[34mSELECT * FROM "ar_internal_metadata" WHERE "ar_internal_metadata"."key" = 'environment' ORDER BY "ar_internal_metadata"."key" ASC LIMIT 1 /*application='SwapGoods'*/[0m
  [1m[36mActiveRecord::SchemaMigration Load (0.3ms)[0m  [1m[34mSELECT "schema_migrations"."version" FROM "schema_migrations" ORDER BY "schema_migrations"."version" ASC /*application='SwapGoods'*/[0m
  [1m[36mActiveRecord::InternalMetadata Load (0.4ms)[0m  [1m[34mSELECT * FROM "ar_internal_metadata" WHERE "ar_internal_metadata"."key" = 'environment' ORDER BY "ar_internal_metadata"."key" ASC LIMIT 1 /*application='SwapGoods'*/[0m
  [1m[36mActiveRecord::SchemaMigration Load (0.2ms)[0m  [1m[34mSELECT "schema_migrations"."version" FROM "schema_migrations" ORDER BY "schema_migrations"."version" ASC /*application='SwapGoods'*/[0m
  [1m[36mActiveRecord::InternalMetadata Load (0.9ms)[0m  [1m[34mSELECT * FROM "ar_internal_metadata" WHERE "ar_internal_metadata"."key" = 'environment' ORDER BY "ar_internal_metadata"."key" ASC LIMIT 1 /*application='SwapGoods'*/[0m
  [1m[35mSQL (0.1ms)[0m  [1m[35mSET search_path TO public /*application='SwapGoods'*/[0m
  [1m[35m (63.9ms)[0m  [1m[35mDROP DATABASE IF EXISTS "blogdeploy_development" /*application='SwapGoods'*/[0m
  [1m[35mSQL (0.5ms)[0m  [1m[35mSET search_path TO public /*application='SwapGoods'*/[0m
  [1m[35m (19.7ms)[0m  [1m[35mDROP DATABASE IF EXISTS "blogdeploy_test" /*application='SwapGoods'*/[0m
  [1m[35mSQL (0.7ms)[0m  [1m[35mSET search_path TO public /*application='SwapGoods'*/[0m
  [1m[35m (305.6ms)[0m  [1m[35mCREATE DATABASE "blogdeploy_development" ENCODING = 'unicode' /*application='SwapGoods'*/[0m
  [1m[35mSQL (2.4ms)[0m  [1m[35mCREATE EXTENSION IF NOT EXISTS "plpgsql" SCHEMA pg_catalog /*application='SwapGoods'*/[0m
  [1m[35m (1.8ms)[0m  [1m[35mDROP TABLE IF EXISTS "active_storage_attachments" CASCADE /*application='SwapGoods'*/[0m
  [1m[35m (16.9ms)[0m  [1m[35mCREATE TABLE "active_storage_attachments" ("id" bigserial primary key, "name" character varying NOT NULL, "record_type" character varying NOT NULL, "record_id" bigint NOT NULL, "blob_id" bigint NOT NULL, "created_at" timestamp(6) NOT NULL) /*application='SwapGoods'*/[0m
  [1m[35m (5.6ms)[0m  [1m[35mCREATE INDEX "index_active_storage_attachments_on_blob_id" ON "active_storage_attachments" ("blob_id") /*application='SwapGoods'*/[0m
  [1m[35m (5.6ms)[0m  [1m[35mCREATE UNIQUE INDEX "index_active_storage_attachments_uniqueness" ON "active_storage_attachments" ("record_type", "record_id", "name", "blob_id") /*application='SwapGoods'*/[0m
  [1m[35m (0.4ms)[0m  [1m[35mDROP TABLE IF EXISTS "active_storage_blobs" CASCADE /*application='SwapGoods'*/[0m
  [1m[35m (8.6ms)[0m  [1m[35mCREATE TABLE "active_storage_blobs" ("id" bigserial primary key, "key" character varying NOT NULL, "filename" character varying NOT NULL, "content_type" character varying, "metadata" text, "service_name" character varying NOT NULL, "byte_size" bigint NOT NULL, "checksum" character varying, "created_at" timestamp(6) NOT NULL) /*application='SwapGoods'*/[0m
  [1m[35m (3.6ms)[0m  [1m[35mCREATE UNIQUE INDEX "index_active_storage_blobs_on_key" ON "active_storage_blobs" ("key") /*application='SwapGoods'*/[0m
  [1m[35m (0.4ms)[0m  [1m[35mDROP TABLE IF EXISTS "active_storage_variant_records" CASCADE /*application='SwapGoods'*/[0m
  [1m[35m (7.5ms)[0m  [1m[35mCREATE TABLE "active_storage_variant_records" ("id" bigserial primary key, "blob_id" bigint NOT NULL, "variation_digest" character varying NOT NULL) /*application='SwapGoods'*/[0m
  [1m[35m (3.7ms)[0m  [1m[35mCREATE UNIQUE INDEX "index_active_storage_variant_records_uniqueness" ON "active_storage_variant_records" ("blob_id", "variation_digest") /*application='SwapGoods'*/[0m
  [1m[35m (0.3ms)[0m  [1m[35mDROP TABLE IF EXISTS "posts" CASCADE /*application='SwapGoods'*/[0m
  [1m[35m (8.4ms)[0m  [1m[35mCREATE TABLE "posts" ("id" bigserial primary key, "title" character varying, "content" character varying, "created_at" timestamp(6) NOT NULL, "updated_at" timestamp(6) NOT NULL) /*application='SwapGoods'*/[0m
  [1m[35m (0.6ms)[0m  [1m[35mDROP TABLE IF EXISTS "users" CASCADE /*application='SwapGoods'*/[0m
  [1m[35m (10.6ms)[0m  [1m[35mCREATE TABLE "users" ("id" bigserial primary key, "username" character varying, "email_address" character varying, "password_digest" character varying, "location" character varying, "created_at" timestamp(6) NOT NULL, "updated_at" timestamp(6) NOT NULL, "verified" boolean DEFAULT FALSE) /*application='SwapGoods'*/[0m
  [1m[35m (4.2ms)[0m  [1m[35mALTER TABLE "active_storage_attachments" ADD CONSTRAINT "fk_rails_c3b3935057"
FOREIGN KEY ("blob_id")
  REFERENCES "active_storage_blobs" ("id")
 /*application='SwapGoods'*/[0m
  [1m[35m (2.9ms)[0m  [1m[35mALTER TABLE "active_storage_variant_records" ADD CONSTRAINT "fk_rails_993965df05"
FOREIGN KEY ("blob_id")
  REFERENCES "active_storage_blobs" ("id")
 /*application='SwapGoods'*/[0m
  [1m[35m (6.3ms)[0m  [1m[35mCREATE TABLE "schema_migrations" ("version" character varying NOT NULL PRIMARY KEY) /*application='SwapGoods'*/[0m
  [1m[36mActiveRecord::SchemaMigration Load (1.2ms)[0m  [1m[34mSELECT "schema_migrations"."version" FROM "schema_migrations" ORDER BY "schema_migrations"."version" ASC /*application='SwapGoods'*/[0m
  [1m[35m (1.6ms)[0m  [1m[32mINSERT INTO "schema_migrations" (version) VALUES (20251113065108) /*application='SwapGoods'*/[0m
  [1m[35m (1.3ms)[0m  [1m[32mINSERT INTO "schema_migrations" (version) VALUES
(20251111082100); /*application='SwapGoods'*/[0m
  [1m[35m (6.8ms)[0m  [1m[35mCREATE TABLE "ar_internal_metadata" ("key" character varying NOT NULL PRIMARY KEY, "value" character varying, "created_at" timestamp(6) NOT NULL, "updated_at" timestamp(6) NOT NULL) /*application='SwapGoods'*/[0m
  [1m[36mActiveRecord::InternalMetadata Load (1.3ms)[0m  [1m[34mSELECT * FROM "ar_internal_metadata" WHERE "ar_internal_metadata"."key" = 'environment' ORDER BY "ar_internal_metadata"."key" ASC LIMIT 1 /*application='SwapGoods'*/[0m
  [1m[36mActiveRecord::InternalMetadata Create (1.6ms)[0m  [1m[32mINSERT INTO "ar_internal_metadata" ("key", "value", "created_at", "updated_at") VALUES ('environment', 'development', '2025-11-16 05:30:29.144204', '2025-11-16 05:30:29.144210') RETURNING "key" /*application='SwapGoods'*/[0m
  [1m[36mActiveRecord::InternalMetadata Load (0.4ms)[0m  [1m[34mSELECT * FROM "ar_internal_metadata" WHERE "ar_internal_metadata"."key" = 'environment' ORDER BY "ar_internal_metadata"."key" ASC LIMIT 1 /*application='SwapGoods'*/[0m
  [1m[36mActiveRecord::InternalMetadata Load (0.8ms)[0m  [1m[34mSELECT * FROM "ar_internal_metadata" WHERE "ar_internal_metadata"."key" = 'schema_sha1' ORDER BY "ar_internal_metadata"."key" ASC LIMIT 1 /*application='SwapGoods'*/[0m
  [1m[36mActiveRecord::InternalMetadata Create (1.3ms)[0m  [1m[32mINSERT INTO "ar_internal_metadata" ("key", "value", "created_at", "updated_at") VALUES ('schema_sha1', '69dc203c4da2d86f3da191a6a0c86cbc3408392d', '2025-11-16 05:30:29.152842', '2025-11-16 05:30:29.152846') RETURNING "key" /*application='SwapGoods'*/[0m
  [1m[35m (0.3ms)[0m  [1m[34mSELECT pg_try_advisory_lock(2883267396278098725) /*application='SwapGoods'*/[0m
  [1m[36mActiveRecord::SchemaMigration Load (0.7ms)[0m  [1m[34mSELECT "schema_migrations"."version" FROM "schema_migrations" ORDER BY "schema_migrations"."version" ASC /*application='SwapGoods'*/[0m
  [1m[36mActiveRecord::InternalMetadata Load (0.5ms)[0m  [1m[34mSELECT * FROM "ar_internal_metadata" WHERE "ar_internal_metadata"."key" = 'environment' ORDER BY "ar_internal_metadata"."key" ASC LIMIT 1 /*application='SwapGoods'*/[0m
  [1m[35m (0.3ms)[0m  [1m[34mSELECT pg_advisory_unlock(2883267396278098725) /*application='SwapGoods'*/[0m
  [1m[36mActiveRecord::SchemaMigration Load (0.3ms)[0m  [1m[34mSELECT "schema_migrations"."version" FROM "schema_migrations" ORDER BY "schema_migrations"."version" ASC /*application='SwapGoods'*/[0m
Started POST "/api/v1/auth/signUp?email_address=[FILTERED]&username=manar&location=gaza&password=[FILTERED]&password_confirmation=[FILTERED]" for 127.0.0.1 at 2025-11-16 07:30:38 +0200
  [1m[36mActiveRecord::SchemaMigration Load (2.1ms)[0m  [1m[34mSELECT "schema_migrations"."version" FROM "schema_migrations" ORDER BY "schema_migrations"."version" ASC /*application='SwapGoods'*/[0m
Processing by Api::V1::AuthController#sign_up as */*
  Parameters: {"email_address"=>"[FILTERED]", "username"=>"manar", "location"=>"gaza", "password"=>"[FILTERED]", "password_confirmation"=>"[FILTERED]"}
Completed 422 Unprocessable Content in 46ms (Views: 0.5ms | ActiveRecord: 0.0ms (0 queries, 0 cached) | GC: 0.9ms)


Started POST "/api/v1/auth/signUp?user[email_address]=[FILTERED]&user[username]=manar&user[location]=gaza&user[password]=[FILTERED]&user[password_confirmation]=[FILTERED]" for 127.0.0.1 at 2025-11-16 07:32:05 +0200
Processing by Api::V1::AuthController#sign_up as */*
  Parameters: {"user"=>{"email_address"=>"[FILTERED]", "username"=>"manar", "location"=>"gaza", "password"=>"[FILTERED]", "password_confirmation"=>"[FILTERED]"}}
  [1m[36mTRANSACTION (1.6ms)[0m  [1m[35mBEGIN /*action='sign_up',application='SwapGoods',controller='auth'*/[0m
  ↳ app/services/authentication/Sign_up_service.rb:5:in `call'
  [1m[36mUser Exists? (14.7ms)[0m  [1m[34mSELECT 1 AS one FROM "users" WHERE "users"."username" = 'manar' LIMIT 1 /*action='sign_up',application='SwapGoods',controller='auth'*/[0m
  ↳ app/services/authentication/Sign_up_service.rb:5:in `call'
  [1m[36mUser Exists? (3.8ms)[0m  [1m[34mSELECT 1 AS one FROM "users" WHERE "users"."email_address" = 'maneeer@gmail.com' LIMIT 1 /*action='sign_up',application='SwapGoods',controller='auth'*/[0m
  ↳ app/services/authentication/Sign_up_service.rb:5:in `call'
  [1m[36mUser Create (2.2ms)[0m  [1m[32mINSERT INTO "users" ("username", "email_address", "password_digest", "location", "created_at", "updated_at", "verified") VALUES ('manar', 'maneeer@gmail.com', '$2a$12$7McPawwK5GYQAF1GlyjVFuw8dWxhZqmA83zhaP6KHcDcY3vzxCa3e', 'gaza', '2025-11-16 05:32:06.689030', '2025-11-16 05:32:06.689030', FALSE) RETURNING "id" /*action='sign_up',application='SwapGoods',controller='auth'*/[0m
  ↳ app/services/authentication/Sign_up_service.rb:5:in `call'
  [1m[36mTRANSACTION (4.8ms)[0m  [1m[35mCOMMIT /*action='sign_up',application='SwapGoods',controller='auth'*/[0m
  ↳ app/services/authentication/Sign_up_service.rb:5:in `call'
Completed 201 Created in 793ms (Views: 0.3ms | ActiveRecord: 74.1ms (3 queries, 0 cached) | GC: 6.8ms)


Started POST "/api/v1/auth/signUp" for 127.0.0.1 at 2025-11-16 07:36:59 +0200
Processing by Api::V1::AuthController#sign_up as */*
  Parameters: {"user"=>{"email_address"=>"[FILTERED]", "username"=>"azooz", "location"=>"gaza", "password"=>"[FILTERED]", "password_confirmation"=>"[FILTERED]"}}
  [1m[36mTRANSACTION (2.5ms)[0m  [1m[35mBEGIN /*action='sign_up',application='SwapGoods',controller='auth'*/[0m
  ↳ app/services/authentication/Sign_up_service.rb:5:in `call'
  [1m[36mUser Exists? (16.2ms)[0m  [1m[34mSELECT 1 AS one FROM "users" WHERE "users"."username" = 'azooz' LIMIT 1 /*action='sign_up',application='SwapGoods',controller='auth'*/[0m
  ↳ app/services/authentication/Sign_up_service.rb:5:in `call'
  [1m[36mUser Exists? (1.2ms)[0m  [1m[34mSELECT 1 AS one FROM "users" WHERE "users"."email_address" = 'ezzdine484@gmail.com' LIMIT 1 /*action='sign_up',application='SwapGoods',controller='auth'*/[0m
  ↳ app/services/authentication/Sign_up_service.rb:5:in `call'
  [1m[36mUser Create (2.3ms)[0m  [1m[32mINSERT INTO "users" ("username", "email_address", "password_digest", "location", "created_at", "updated_at", "verified") VALUES ('azooz', 'ezzdine484@gmail.com', '$2a$12$cf9G5EYw3EFipjLeGzJvUubpA0mwMrdzAUQ5MagJhmA.et0lSHw82', 'gaza', '2025-11-16 05:37:00.201685', '2025-11-16 05:37:00.201685', FALSE) RETURNING "id" /*action='sign_up',application='SwapGoods',controller='auth'*/[0m
  ↳ app/services/authentication/Sign_up_service.rb:5:in `call'
  [1m[36mTRANSACTION (9.0ms)[0m  [1m[35mCOMMIT /*action='sign_up',application='SwapGoods',controller='auth'*/[0m
  ↳ app/services/authentication/Sign_up_service.rb:5:in `call'
Completed 201 Created in 1154ms (Views: 0.3ms | ActiveRecord: 30.9ms (3 queries, 0 cached) | GC: 2.7ms)


Started POST "/api/v1/auth/signUp" for 127.0.0.1 at 2025-11-16 07:41:40 +0200
Processing by Api::V1::AuthController#sign_up as */*
  Parameters: {"user"=>{"username"=>"manar", "email"=>"[FILTERED]", "location"=>"gaza", "password"=>"[FILTERED]", "password_confirmation"=>"[FILTERED]"}, "auth"=>{"user"=>{"username"=>"manar", "email"=>"[FILTERED]", "location"=>"gaza", "password"=>"[FILTERED]", "password_confirmation"=>"[FILTERED]"}}}
[31mUnpermitted parameter: :email. Context: { controller: Api::V1::AuthController, action: sign_up, request: #<ActionDispatch::Request:0x000072a1a3964a80>, params: {"user"=>{"username"=>"manar", "email"=>"[FILTERED]", "location"=>"gaza", "password"=>"[FILTERED]", "password_confirmation"=>"[FILTERED]"}, "controller"=>"api/v1/auth", "action"=>"sign_up", "auth"=>{"user"=>{"username"=>"manar", "email"=>"[FILTERED]", "location"=>"gaza", "password"=>"[FILTERED]", "password_confirmation"=>"[FILTERED]"}}} }[0m
  [1m[36mTRANSACTION (6.3ms)[0m  [1m[35mBEGIN /*action='sign_up',application='SwapGoods',controller='auth'*/[0m
  ↳ app/services/authentication/Sign_up_service.rb:5:in `call'
  [1m[36mUser Exists? (18.0ms)[0m  [1m[34mSELECT 1 AS one FROM "users" WHERE "users"."username" = 'manar' LIMIT 1 /*action='sign_up',application='SwapGoods',controller='auth'*/[0m
  ↳ app/services/authentication/Sign_up_service.rb:5:in `call'
  [1m[36mUser Exists? (1.4ms)[0m  [1m[34mSELECT 1 AS one FROM "users" WHERE "users"."email_address" IS NULL LIMIT 1 /*action='sign_up',application='SwapGoods',controller='auth'*/[0m
  ↳ app/services/authentication/Sign_up_service.rb:5:in `call'
  [1m[36mTRANSACTION (1.6ms)[0m  [1m[31mROLLBACK /*action='sign_up',application='SwapGoods',controller='auth'*/[0m
  ↳ app/services/authentication/Sign_up_service.rb:5:in `call'
Completed 422 Unprocessable Content in 728ms (Views: 0.3ms | ActiveRecord: 27.0ms (2 queries, 0 cached) | GC: 93.2ms)


Started POST "/api/v1/auth/signUp" for 127.0.0.1 at 2025-11-16 07:42:29 +0200
Processing by Api::V1::AuthController#sign_up as */*
  Parameters: {"user"=>{"username"=>"exampleuser", "email_address"=>"[FILTERED]", "location"=>"gaza", "password"=>"[FILTERED]", "password_confirmation"=>"[FILTERED]"}, "auth"=>{"user"=>{"username"=>"exampleuser", "email_address"=>"[FILTERED]", "location"=>"gaza", "password"=>"[FILTERED]", "password_confirmation"=>"[FILTERED]"}}}
  [1m[36mTRANSACTION (1.8ms)[0m  [1m[35mBEGIN /*action='sign_up',application='SwapGoods',controller='auth'*/[0m
  ↳ app/services/authentication/Sign_up_service.rb:5:in `call'
  [1m[36mUser Exists? (9.5ms)[0m  [1m[34mSELECT 1 AS one FROM "users" WHERE "users"."username" = 'exampleuser' LIMIT 1 /*action='sign_up',application='SwapGoods',controller='auth'*/[0m
  ↳ app/services/authentication/Sign_up_service.rb:5:in `call'
  [1m[36mUser Exists? (3.4ms)[0m  [1m[34mSELECT 1 AS one FROM "users" WHERE "users"."email_address" = 'example@example.com' LIMIT 1 /*action='sign_up',application='SwapGoods',controller='auth'*/[0m
  ↳ app/services/authentication/Sign_up_service.rb:5:in `call'
  [1m[36mUser Create (7.6ms)[0m  [1m[32mINSERT INTO "users" ("username", "email_address", "password_digest", "location", "created_at", "updated_at", "verified") VALUES ('exampleuser', 'example@example.com', '$2a$12$V3i5klXRFDNSqG.pSX3zD.f673WBIoabIzv4t5sa2uMPhrm/u8l1u', 'gaza', '2025-11-16 05:42:29.654816', '2025-11-16 05:42:29.654816', FALSE) RETURNING "id" /*action='sign_up',application='SwapGoods',controller='auth'*/[0m
  ↳ app/services/authentication/Sign_up_service.rb:5:in `call'
  [1m[36mTRANSACTION (1.4ms)[0m  [1m[35mCOMMIT /*action='sign_up',application='SwapGoods',controller='auth'*/[0m
  ↳ app/services/authentication/Sign_up_service.rb:5:in `call'
Completed 201 Created in 552ms (Views: 0.3ms | ActiveRecord: 23.5ms (3 queries, 0 cached) | GC: 0.5ms)


Started POST "/api/v1/auth/signUp" for 127.0.0.1 at 2025-11-16 07:48:43 +0200
Processing by Api::V1::AuthController#sign_up as */*
  Parameters: {"user"=>{"email_address"=>"[FILTERED]", "username"=>"mana", "location"=>"gaza", "password"=>"[FILTERED]", "password_confirmation"=>"[FILTERED]"}, "auth"=>{"user"=>{"email_address"=>"[FILTERED]", "username"=>"mana", "location"=>"gaza", "password"=>"[FILTERED]", "password_confirmation"=>"[FILTERED]"}}}
  [1m[36mTRANSACTION (0.2ms)[0m  [1m[35mBEGIN /*action='sign_up',application='SwapGoods',controller='auth'*/[0m
  ↳ app/services/authentication/Sign_up_service.rb:5:in `call'
  [1m[36mUser Exists? (5.3ms)[0m  [1m[34mSELECT 1 AS one FROM "users" WHERE "users"."username" = 'mana' LIMIT 1 /*action='sign_up',application='SwapGoods',controller='auth'*/[0m
  ↳ app/services/authentication/Sign_up_service.rb:5:in `call'
  [1m[36mUser Exists? (1.9ms)[0m  [1m[34mSELECT 1 AS one FROM "users" WHERE "users"."email_address" = 'maneeer2006@gmail.com' LIMIT 1 /*action='sign_up',application='SwapGoods',controller='auth'*/[0m
  ↳ app/services/authentication/Sign_up_service.rb:5:in `call'
  [1m[36mUser Create (1.8ms)[0m  [1m[32mINSERT INTO "users" ("username", "email_address", "password_digest", "location", "created_at", "updated_at", "verified") VALUES ('mana', 'maneeer2006@gmail.com', '$2a$12$zrRTu696eY6bMkTfXWH9k.hC4yXSZbDGr9nuk3GT8piLv3GpGPSO2', 'gaza', '2025-11-16 05:48:43.714864', '2025-11-16 05:48:43.714864', FALSE) RETURNING "id" /*action='sign_up',application='SwapGoods',controller='auth'*/[0m
  ↳ app/services/authentication/Sign_up_service.rb:5:in `call'
  [1m[36mTRANSACTION (2.5ms)[0m  [1m[35mCOMMIT /*action='sign_up',application='SwapGoods',controller='auth'*/[0m
  ↳ app/services/authentication/Sign_up_service.rb:5:in `call'
Completed 201 Created in 502ms (Views: 0.3ms | ActiveRecord: 19.6ms (3 queries, 0 cached) | GC: 0.5ms)


Started POST "/api/v1/auth/signUp" for 127.0.0.1 at 2025-11-16 07:52:38 +0200
Processing by Api::V1::AuthController#sign_up as */*
  Parameters: {"user"=>{"email_address"=>"[FILTERED]", "username"=>"mana", "location"=>"gaza", "password"=>"[FILTERED]", "password_confirmation"=>"[FILTERED]"}, "auth"=>{"user"=>{"email_address"=>"[FILTERED]", "username"=>"mana", "location"=>"gaza", "password"=>"[FILTERED]", "password_confirmation"=>"[FILTERED]"}}}
  [1m[36mTRANSACTION (0.3ms)[0m  [1m[35mBEGIN /*action='sign_up',application='SwapGoods',controller='auth'*/[0m
  ↳ app/services/authentication/Sign_up_service.rb:5:in `call'
  [1m[36mUser Exists? (6.9ms)[0m  [1m[34mSELECT 1 AS one FROM "users" WHERE "users"."username" = 'mana' LIMIT 1 /*action='sign_up',application='SwapGoods',controller='auth'*/[0m
  ↳ app/services/authentication/Sign_up_service.rb:5:in `call'
  [1m[36mUser Exists? (2.0ms)[0m  [1m[34mSELECT 1 AS one FROM "users" WHERE "users"."email_address" = 'maneeer2006@gmail.com' LIMIT 1 /*action='sign_up',application='SwapGoods',controller='auth'*/[0m
  ↳ app/services/authentication/Sign_up_service.rb:5:in `call'
  [1m[36mTRANSACTION (2.8ms)[0m  [1m[31mROLLBACK /*action='sign_up',application='SwapGoods',controller='auth'*/[0m
  ↳ app/services/authentication/Sign_up_service.rb:5:in `call'
Completed 422 Unprocessable Content in 717ms (Views: 0.5ms | ActiveRecord: 11.7ms (2 queries, 0 cached) | GC: 1.0ms)


  [1m[36mCACHE ActiveRecord::SchemaMigration Load (1.6ms)[0m  [1m[34mSELECT "schema_migrations"."version" FROM "schema_migrations" ORDER BY "schema_migrations"."version" ASC[0m
  [1m[36mCACHE ActiveRecord::SchemaMigration Load (2.9ms)[0m  [1m[34mSELECT "schema_migrations"."version" FROM "schema_migrations" ORDER BY "schema_migrations"."version" ASC[0m
  [1m[35m (0.8ms)[0m  [1m[34mSELECT pg_try_advisory_lock(2883267396278098725) /*application='SwapGoods'*/[0m
  [1m[36mActiveRecord::SchemaMigration Load (3.2ms)[0m  [1m[34mSELECT "schema_migrations"."version" FROM "schema_migrations" ORDER BY "schema_migrations"."version" ASC /*application='SwapGoods'*/[0m
  [1m[36mActiveRecord::InternalMetadata Load (4.6ms)[0m  [1m[34mSELECT * FROM "ar_internal_metadata" WHERE "ar_internal_metadata"."key" = 'environment' ORDER BY "ar_internal_metadata"."key" ASC LIMIT 1 /*application='SwapGoods'*/[0m
Migrating to CreateItems (20251116111902)
  [1m[36mTRANSACTION (0.2ms)[0m  [1m[35mBEGIN /*application='SwapGoods'*/[0m
  [1m[35m (42.9ms)[0m  [1m[35mCREATE TABLE "items" ("id" bigserial primary key, "name" character varying, "description" character varying, "status" integer DEFAULT 0, "created_at" timestamp(6) NOT NULL, "updated_at" timestamp(6) NOT NULL) /*application='SwapGoods'*/[0m
  [1m[36mActiveRecord::SchemaMigration Create (2.9ms)[0m  [1m[32mINSERT INTO "schema_migrations" ("version") VALUES ('20251116111902') RETURNING "version" /*application='SwapGoods'*/[0m
  [1m[36mTRANSACTION (3.7ms)[0m  [1m[35mCOMMIT /*application='SwapGoods'*/[0m
Migrating to AddUserRefToItems (20251116112551)
  [1m[36mTRANSACTION (1.4ms)[0m  [1m[35mBEGIN /*application='SwapGoods'*/[0m
  [1m[35m (11.4ms)[0m  [1m[35mALTER TABLE "items" ADD "user_id" bigint NOT NULL /*application='SwapGoods'*/[0m
  [1m[35m (4.2ms)[0m  [1m[35mCREATE INDEX "index_items_on_user_id" ON "items" ("user_id") /*application='SwapGoods'*/[0m
  [1m[35m (7.2ms)[0m  [1m[35mALTER TABLE "items" ADD CONSTRAINT "fk_rails_d4b6334db2"
FOREIGN KEY ("user_id")
  REFERENCES "users" ("id")
 /*application='SwapGoods'*/[0m
  [1m[36mActiveRecord::SchemaMigration Create (0.5ms)[0m  [1m[32mINSERT INTO "schema_migrations" ("version") VALUES ('20251116112551') RETURNING "version" /*application='SwapGoods'*/[0m
  [1m[36mTRANSACTION (2.1ms)[0m  [1m[35mCOMMIT /*application='SwapGoods'*/[0m
  [1m[35m (0.5ms)[0m  [1m[34mSELECT pg_advisory_unlock(2883267396278098725) /*application='SwapGoods'*/[0m
  [1m[36mActiveRecord::SchemaMigration Load (0.2ms)[0m  [1m[34mSELECT "schema_migrations"."version" FROM "schema_migrations" ORDER BY "schema_migrations"."version" ASC /*application='SwapGoods'*/[0m
  [1m[36mCACHE ActiveRecord::SchemaMigration Load (0.0ms)[0m  [1m[34mSELECT "schema_migrations"."version" FROM "schema_migrations" ORDER BY "schema_migrations"."version" ASC[0m
  [1m[36mCACHE ActiveRecord::SchemaMigration Load (0.0ms)[0m  [1m[34mSELECT "schema_migrations"."version" FROM "schema_migrations" ORDER BY "schema_migrations"."version" ASC[0m
  [1m[35m (0.3ms)[0m  [1m[34mSELECT pg_try_advisory_lock(2883267396278098725) /*application='SwapGoods'*/[0m
  [1m[36mActiveRecord::SchemaMigration Load (1.2ms)[0m  [1m[34mSELECT "schema_migrations"."version" FROM "schema_migrations" ORDER BY "schema_migrations"."version" ASC /*application='SwapGoods'*/[0m
  [1m[36mActiveRecord::InternalMetadata Load (1.3ms)[0m  [1m[34mSELECT * FROM "ar_internal_metadata" WHERE "ar_internal_metadata"."key" = 'environment' ORDER BY "ar_internal_metadata"."key" ASC LIMIT 1 /*application='SwapGoods'*/[0m
Migrating to CreateCategories (20251116113124)
  [1m[36mTRANSACTION (0.3ms)[0m  [1m[35mBEGIN /*application='SwapGoods'*/[0m
  [1m[35m (14.8ms)[0m  [1m[35mCREATE TABLE "categories" ("id" bigserial primary key, "name" character varying, "created_at" timestamp(6) NOT NULL, "updated_at" timestamp(6) NOT NULL) /*application='SwapGoods'*/[0m
  [1m[36mActiveRecord::SchemaMigration Create (0.5ms)[0m  [1m[32mINSERT INTO "schema_migrations" ("version") VALUES ('20251116113124') RETURNING "version" /*application='SwapGoods'*/[0m
  [1m[36mTRANSACTION (3.2ms)[0m  [1m[35mCOMMIT /*application='SwapGoods'*/[0m
Migrating to CreateItemCategories (20251116113208)
  [1m[36mTRANSACTION (0.4ms)[0m  [1m[35mBEGIN /*application='SwapGoods'*/[0m
  [1m[35m (11.7ms)[0m  [1m[35mCREATE TABLE "item_categories" ("id" bigserial primary key, "item_id" bigint NOT NULL, "category_id" bigint NOT NULL, "created_at" timestamp(6) NOT NULL, "updated_at" timestamp(6) NOT NULL, CONSTRAINT "fk_rails_190ad12f53"
FOREIGN KEY ("item_id")
  REFERENCES "items" ("id")
, CONSTRAINT "fk_rails_fdf7b0e423"
FOREIGN KEY ("category_id")
  REFERENCES "categories" ("id")
) /*application='SwapGoods'*/[0m
  [1m[35m (3.0ms)[0m  [1m[35mCREATE INDEX "index_item_categories_on_item_id" ON "item_categories" ("item_id") /*application='SwapGoods'*/[0m
  [1m[35m (3.5ms)[0m  [1m[35mCREATE INDEX "index_item_categories_on_category_id" ON "item_categories" ("category_id") /*application='SwapGoods'*/[0m
  [1m[36mActiveRecord::SchemaMigration Create (0.5ms)[0m  [1m[32mINSERT INTO "schema_migrations" ("version") VALUES ('20251116113208') RETURNING "version" /*application='SwapGoods'*/[0m
  [1m[36mTRANSACTION (1.7ms)[0m  [1m[35mCOMMIT /*application='SwapGoods'*/[0m
  [1m[35m (0.6ms)[0m  [1m[34mSELECT pg_advisory_unlock(2883267396278098725) /*application='SwapGoods'*/[0m
  [1m[36mActiveRecord::SchemaMigration Load (0.3ms)[0m  [1m[34mSELECT "schema_migrations"."version" FROM "schema_migrations" ORDER BY "schema_migrations"."version" ASC /*application='SwapGoods'*/[0m
  [1m[36mTRANSACTION (0.3ms)[0m  [1m[35mBEGIN /*application='SwapGoods'*/[0m
  [1m[36mItem Create (7.6ms)[0m  [1m[32mINSERT INTO "items" ("name", "description", "status", "created_at", "updated_at", "user_id") VALUES ('first itme', 'my descripti ', 1, '2025-11-16 11:41:24.961129', '2025-11-16 11:41:24.961129', NULL) RETURNING "id" /*application='SwapGoods'*/[0m
  [1m[36mTRANSACTION (1.9ms)[0m  [1m[31mROLLBACK /*application='SwapGoods'*/[0m
  [1m[36mTRANSACTION (0.2ms)[0m  [1m[35mBEGIN /*application='SwapGoods'*/[0m
  [1m[36mUser Exists? (1.7ms)[0m  [1m[34mSELECT 1 AS one FROM "users" WHERE "users"."username" = 'manar' LIMIT 1 /*application='SwapGoods'*/[0m
  [1m[36mUser Exists? (0.5ms)[0m  [1m[34mSELECT 1 AS one FROM "users" WHERE "users"."email_address" = 'mananr@gmail.com' LIMIT 1 /*application='SwapGoods'*/[0m
  [1m[36mTRANSACTION (0.4ms)[0m  [1m[31mROLLBACK /*application='SwapGoods'*/[0m
  [1m[36mUser Load (0.6ms)[0m  [1m[34mSELECT "users".* FROM "users" /* loading for pp */ LIMIT 11 /*application='SwapGoods'*/[0m
  [1m[36mUser Load (1.2ms)[0m  [1m[34mSELECT "users".* FROM "users" WHERE "users"."id" = 4 LIMIT 1 /*application='SwapGoods'*/[0m
  [1m[36mTRANSACTION (0.3ms)[0m  [1m[35mBEGIN /*application='SwapGoods'*/[0m
  [1m[36mItem Create (8.9ms)[0m  [1m[32mINSERT INTO "items" ("name", "description", "status", "created_at", "updated_at", "user_id") VALUES ('first itme', 'my descripti ', 1, '2025-11-16 11:44:59.473138', '2025-11-16 11:44:59.473138', 4) RETURNING "id" /*application='SwapGoods'*/[0m
  [1m[36mTRANSACTION (1.3ms)[0m  [1m[35mCOMMIT /*application='SwapGoods'*/[0m
  [1m[36mItem Load (0.9ms)[0m  [1m[34mSELECT "items".* FROM "items" WHERE "items"."status" = 1 /* loading for pp */ LIMIT 11 /*application='SwapGoods'*/[0m
  [1m[36mTRANSACTION (0.3ms)[0m  [1m[35mBEGIN /*application='SwapGoods'*/[0m
  [1m[36mItem Create (1.6ms)[0m  [1m[32mINSERT INTO "items" ("name", "description", "status", "created_at", "updated_at", "user_id") VALUES ('first itme', 'my descripti ', 3, '2025-11-16 11:45:24.604978', '2025-11-16 11:45:24.604978', 4) RETURNING "id" /*application='SwapGoods'*/[0m
  [1m[36mTRANSACTION (5.9ms)[0m  [1m[35mCOMMIT /*application='SwapGoods'*/[0m
  [1m[36mItem Load (0.7ms)[0m  [1m[34mSELECT "items".* FROM "items" WHERE "items"."status" = 1 /* loading for pp */ LIMIT 11 /*application='SwapGoods'*/[0m
  [1m[36mItem Load (0.7ms)[0m  [1m[34mSELECT "items".* FROM "items" WHERE "items"."status" = 3 /* loading for pp */ LIMIT 11 /*application='SwapGoods'*/[0m
  [1m[36mTRANSACTION (0.3ms)[0m  [1m[35mBEGIN /*application='SwapGoods'*/[0m
  [1m[36mCategory Create (8.9ms)[0m  [1m[32mINSERT INTO "categories" ("name", "created_at", "updated_at") VALUES ('clothing', '2025-11-16 11:48:20.084107', '2025-11-16 11:48:20.084107') RETURNING "id" /*application='SwapGoods'*/[0m
  [1m[36mTRANSACTION (1.6ms)[0m  [1m[35mCOMMIT /*application='SwapGoods'*/[0m
  [1m[36mTRANSACTION (0.3ms)[0m  [1m[35mBEGIN /*application='SwapGoods'*/[0m
  [1m[36mCategory Create (3.6ms)[0m  [1m[32mINSERT INTO "categories" ("name", "created_at", "updated_at") VALUES ('kitchen', '2025-11-16 11:48:28.182922', '2025-11-16 11:48:28.182922') RETURNING "id" /*application='SwapGoods'*/[0m
  [1m[36mTRANSACTION (22.6ms)[0m  [1m[35mCOMMIT /*application='SwapGoods'*/[0m
  [1m[36mItem Load (0.9ms)[0m  [1m[34mSELECT "items".* FROM "items" ORDER BY "items"."id" ASC LIMIT 1 /*application='SwapGoods'*/[0m
  [1m[36mItem Load (1.3ms)[0m  [1m[34mSELECT "items".* FROM "items" ORDER BY "items"."id" ASC LIMIT 1 /*application='SwapGoods'*/[0m
  [1m[36mItem Load (0.6ms)[0m  [1m[34mSELECT "items".* FROM "items" ORDER BY "items"."id" ASC LIMIT 1 /*application='SwapGoods'*/[0m
  [1m[36mItem Load (0.6ms)[0m  [1m[34mSELECT "items".* FROM "items" ORDER BY "items"."id" ASC LIMIT 1 /*application='SwapGoods'*/[0m
  [1m[36mItem Load (0.6ms)[0m  [1m[34mSELECT "items".* FROM "items" ORDER BY "items"."id" ASC LIMIT 1 /*application='SwapGoods'*/[0m
  [1m[36mTRANSACTION (0.3ms)[0m  [1m[35mBEGIN /*application='SwapGoods'*/[0m
  [1m[36mCategory Create (3.7ms)[0m  [1m[32mINSERT INTO "categories" ("name", "created_at", "updated_at") VALUES ('Electronics', '2025-11-16 11:52:01.934939', '2025-11-16 11:52:01.934939') RETURNING "id" /*application='SwapGoods'*/[0m
  [1m[36mItemCategory Create (6.0ms)[0m  [1m[32mINSERT INTO "item_categories" ("item_id", "category_id", "created_at", "updated_at") VALUES (2, 3, '2025-11-16 11:52:01.995547', '2025-11-16 11:52:01.995547') RETURNING "id" /*application='SwapGoods'*/[0m
  [1m[36mTRANSACTION (2.3ms)[0m  [1m[35mCOMMIT /*application='SwapGoods'*/[0m
  [1m[36mCategory Load (0.8ms)[0m  [1m[34mSELECT "categories".* FROM "categories" /* loading for pp */ LIMIT 11 /*application='SwapGoods'*/[0m
Started GET "/api/v1/items" for 127.0.0.1 at 2025-11-16 14:05:59 +0200
  [1m[36mActiveRecord::SchemaMigration Load (2.0ms)[0m  [1m[34mSELECT "schema_migrations"."version" FROM "schema_migrations" ORDER BY "schema_migrations"."version" ASC /*application='SwapGoods'*/[0m
  
ActionController::RoutingError (uninitialized constant Api::V1::ItemsController)
Caused by: ActionDispatch::MissingController (uninitialized constant Api::V1::ItemsController)
Caused by: NameError (uninitialized constant Api::V1::ItemsController)

Information for: ActionController::RoutingError (uninitialized constant Api::V1::ItemsController):
  

Information for cause: ActionDispatch::MissingController (uninitialized constant Api::V1::ItemsController):
  
actionpack (8.0.4) lib/action_dispatch/http/request.rb:102:in `rescue in controller_class_for'
actionpack (8.0.4) lib/action_dispatch/http/request.rb:98:in `controller_class_for'
actionpack (8.0.4) lib/action_dispatch/http/request.rb:91:in `controller_class'
actionpack (8.0.4) lib/action_dispatch/routing/route_set.rb:61:in `controller'
actionpack (8.0.4) lib/action_dispatch/routing/route_set.rb:48:in `serve'
actionpack (8.0.4) lib/action_dispatch/journey/router.rb:53:in `block in serve'
actionpack (8.0.4) lib/action_dispatch/journey/router.rb:133:in `block in find_routes'
actionpack (8.0.4) lib/action_dispatch/journey/router.rb:126:in `each'
actionpack (8.0.4) lib/action_dispatch/journey/router.rb:126:in `find_routes'
actionpack (8.0.4) lib/action_dispatch/journey/router.rb:34:in `serve'
actionpack (8.0.4) lib/action_dispatch/routing/route_set.rb:908:in `call'
railties (8.0.4) lib/rails/engine/lazy_route_set.rb:60:in `call'
rack (3.2.4) lib/rack/etag.rb:29:in `call'
rack (3.2.4) lib/rack/conditional_get.rb:31:in `call'
rack (3.2.4) lib/rack/head.rb:15:in `call'
activerecord (8.0.4) lib/active_record/migration.rb:670:in `call'
actionpack (8.0.4) lib/action_dispatch/middleware/callbacks.rb:31:in `block in call'
activesupport (8.0.4) lib/active_support/callbacks.rb:100:in `run_callbacks'
actionpack (8.0.4) lib/action_dispatch/middleware/callbacks.rb:30:in `call'
actionpack (8.0.4) lib/action_dispatch/middleware/executor.rb:16:in `call'
actionpack (8.0.4) lib/action_dispatch/middleware/actionable_exceptions.rb:18:in `call'
actionpack (8.0.4) lib/action_dispatch/middleware/debug_exceptions.rb:31:in `call'
actionpack (8.0.4) lib/action_dispatch/middleware/show_exceptions.rb:32:in `call'
railties (8.0.4) lib/rails/rack/logger.rb:41:in `call_app'
railties (8.0.4) lib/rails/rack/logger.rb:29:in `call'
actionpack (8.0.4) lib/action_dispatch/middleware/remote_ip.rb:96:in `call'
actionpack (8.0.4) lib/action_dispatch/middleware/request_id.rb:34:in `call'
rack (3.2.4) lib/rack/runtime.rb:24:in `call'
actionpack (8.0.4) lib/action_dispatch/middleware/server_timing.rb:61:in `block in call'
actionpack (8.0.4) lib/action_dispatch/middleware/server_timing.rb:26:in `collect_events'
actionpack (8.0.4) lib/action_dispatch/middleware/server_timing.rb:60:in `call'
actionpack (8.0.4) lib/action_dispatch/middleware/executor.rb:16:in `call'
actionpack (8.0.4) lib/action_dispatch/middleware/static.rb:27:in `call'
rack (3.2.4) lib/rack/sendfile.rb:131:in `call'
actionpack (8.0.4) lib/action_dispatch/middleware/host_authorization.rb:143:in `call'
railties (8.0.4) lib/rails/engine.rb:535:in `call'
puma (7.1.0) lib/puma/configuration.rb:300:in `call'
puma (7.1.0) lib/puma/request.rb:101:in `block in handle_request'
puma (7.1.0) lib/puma/thread_pool.rb:355:in `with_force_shutdown'
puma (7.1.0) lib/puma/request.rb:100:in `handle_request'
puma (7.1.0) lib/puma/server.rb:503:in `process_client'
puma (7.1.0) lib/puma/server.rb:262:in `block in run'
puma (7.1.0) lib/puma/thread_pool.rb:182:in `block in spawn_thread'

Information for cause: NameError (uninitialized constant Api::V1::ItemsController):
  
activesupport (8.0.4) lib/active_support/inflector/methods.rb:290:in `const_get'
activesupport (8.0.4) lib/active_support/inflector/methods.rb:290:in `constantize'
activesupport (8.0.4) lib/active_support/core_ext/string/inflections.rb:74:in `constantize'
actionpack (8.0.4) lib/action_dispatch/http/request.rb:99:in `controller_class_for'
actionpack (8.0.4) lib/action_dispatch/http/request.rb:91:in `controller_class'
actionpack (8.0.4) lib/action_dispatch/routing/route_set.rb:61:in `controller'
actionpack (8.0.4) lib/action_dispatch/routing/route_set.rb:48:in `serve'
actionpack (8.0.4) lib/action_dispatch/journey/router.rb:53:in `block in serve'
actionpack (8.0.4) lib/action_dispatch/journey/router.rb:133:in `block in find_routes'
actionpack (8.0.4) lib/action_dispatch/journey/router.rb:126:in `each'
actionpack (8.0.4) lib/action_dispatch/journey/router.rb:126:in `find_routes'
actionpack (8.0.4) lib/action_dispatch/journey/router.rb:34:in `serve'
actionpack (8.0.4) lib/action_dispatch/routing/route_set.rb:908:in `call'
railties (8.0.4) lib/rails/engine/lazy_route_set.rb:60:in `call'
rack (3.2.4) lib/rack/etag.rb:29:in `call'
rack (3.2.4) lib/rack/conditional_get.rb:31:in `call'
rack (3.2.4) lib/rack/head.rb:15:in `call'
activerecord (8.0.4) lib/active_record/migration.rb:670:in `call'
actionpack (8.0.4) lib/action_dispatch/middleware/callbacks.rb:31:in `block in call'
activesupport (8.0.4) lib/active_support/callbacks.rb:100:in `run_callbacks'
actionpack (8.0.4) lib/action_dispatch/middleware/callbacks.rb:30:in `call'
actionpack (8.0.4) lib/action_dispatch/middleware/executor.rb:16:in `call'
actionpack (8.0.4) lib/action_dispatch/middleware/actionable_exceptions.rb:18:in `call'
actionpack (8.0.4) lib/action_dispatch/middleware/debug_exceptions.rb:31:in `call'
actionpack (8.0.4) lib/action_dispatch/middleware/show_exceptions.rb:32:in `call'
railties (8.0.4) lib/rails/rack/logger.rb:41:in `call_app'
railties (8.0.4) lib/rails/rack/logger.rb:29:in `call'
actionpack (8.0.4) lib/action_dispatch/middleware/remote_ip.rb:96:in `call'
actionpack (8.0.4) lib/action_dispatch/middleware/request_id.rb:34:in `call'
rack (3.2.4) lib/rack/runtime.rb:24:in `call'
actionpack (8.0.4) lib/action_dispatch/middleware/server_timing.rb:61:in `block in call'
actionpack (8.0.4) lib/action_dispatch/middleware/server_timing.rb:26:in `collect_events'
actionpack (8.0.4) lib/action_dispatch/middleware/server_timing.rb:60:in `call'
actionpack (8.0.4) lib/action_dispatch/middleware/executor.rb:16:in `call'
actionpack (8.0.4) lib/action_dispatch/middleware/static.rb:27:in `call'
rack (3.2.4) lib/rack/sendfile.rb:131:in `call'
actionpack (8.0.4) lib/action_dispatch/middleware/host_authorization.rb:143:in `call'
railties (8.0.4) lib/rails/engine.rb:535:in `call'
puma (7.1.0) lib/puma/configuration.rb:300:in `call'
puma (7.1.0) lib/puma/request.rb:101:in `block in handle_request'
puma (7.1.0) lib/puma/thread_pool.rb:355:in `with_force_shutdown'
puma (7.1.0) lib/puma/request.rb:100:in `handle_request'
puma (7.1.0) lib/puma/server.rb:503:in `process_client'
puma (7.1.0) lib/puma/server.rb:262:in `block in run'
puma (7.1.0) lib/puma/thread_pool.rb:182:in `block in spawn_thread'
Started GET "/api/v1/items" for 127.0.0.1 at 2025-11-16 14:06:37 +0200
  [1m[36mActiveRecord::SchemaMigration Load (1.7ms)[0m  [1m[34mSELECT "schema_migrations"."version" FROM "schema_migrations" ORDER BY "schema_migrations"."version" ASC /*application='SwapGoods'*/[0m
  
NameError (undefined local variable or method `i' for ItemsController:Class):
  
app/controllers/api/v1/items_controller.rb:2:in `<class:ItemsController>'
app/controllers/api/v1/items_controller.rb:1:in `<main>'
Started GET "/api/v1/items" for 127.0.0.1 at 2025-11-16 14:07:44 +0200
  [1m[36mActiveRecord::SchemaMigration Load (1.2ms)[0m  [1m[34mSELECT "schema_migrations"."version" FROM "schema_migrations" ORDER BY "schema_migrations"."version" ASC /*application='SwapGoods'*/[0m
  
NameError (undefined local variable or method `pivate' for ItemsController:Class):
  
app/controllers/api/v1/items_controller.rb:18:in `<class:ItemsController>'
app/controllers/api/v1/items_controller.rb:1:in `<main>'
Started GET "/api/v1/items" for 127.0.0.1 at 2025-11-16 14:08:12 +0200
  [1m[36mActiveRecord::SchemaMigration Load (2.9ms)[0m  [1m[34mSELECT "schema_migrations"."version" FROM "schema_migrations" ORDER BY "schema_migrations"."version" ASC /*application='SwapGoods'*/[0m
  
Zeitwerk::NameError (expected file /home/manar/swap-goods/app/controllers/api/v1/items_controller.rb to define constant Api::V1::ItemsController, but didn't):
  
zeitwerk (2.7.3) lib/zeitwerk/loader/callbacks.rb:31:in `on_file_autoloaded'
zeitwerk (2.7.3) lib/zeitwerk/core_ext/kernel.rb:27:in `require'
activesupport (8.0.4) lib/active_support/inflector/methods.rb:290:in `const_get'
activesupport (8.0.4) lib/active_support/inflector/methods.rb:290:in `constantize'
activesupport (8.0.4) lib/active_support/core_ext/string/inflections.rb:74:in `constantize'
actionpack (8.0.4) lib/action_dispatch/http/request.rb:99:in `controller_class_for'
actionpack (8.0.4) lib/action_dispatch/request/utils.rb:108:in `action_encoding_template'
actionpack (8.0.4) lib/action_dispatch/request/utils.rb:102:in `encode'
actionpack (8.0.4) lib/action_dispatch/request/utils.rb:47:in `set_binary_encoding'
actionpack (8.0.4) lib/action_dispatch/http/parameters.rb:70:in `path_parameters='
actionpack (8.0.4) lib/action_dispatch/journey/router.rb:50:in `block in serve'
actionpack (8.0.4) lib/action_dispatch/journey/router.rb:133:in `block in find_routes'
actionpack (8.0.4) lib/action_dispatch/journey/router.rb:126:in `each'
actionpack (8.0.4) lib/action_dispatch/journey/router.rb:126:in `find_routes'
actionpack (8.0.4) lib/action_dispatch/journey/router.rb:34:in `serve'
actionpack (8.0.4) lib/action_dispatch/routing/route_set.rb:908:in `call'
railties (8.0.4) lib/rails/engine/lazy_route_set.rb:60:in `call'
rack (3.2.4) lib/rack/etag.rb:29:in `call'
rack (3.2.4) lib/rack/conditional_get.rb:31:in `call'
rack (3.2.4) lib/rack/head.rb:15:in `call'
activerecord (8.0.4) lib/active_record/migration.rb:670:in `call'
actionpack (8.0.4) lib/action_dispatch/middleware/callbacks.rb:31:in `block in call'
activesupport (8.0.4) lib/active_support/callbacks.rb:100:in `run_callbacks'
actionpack (8.0.4) lib/action_dispatch/middleware/callbacks.rb:30:in `call'
actionpack (8.0.4) lib/action_dispatch/middleware/executor.rb:16:in `call'
actionpack (8.0.4) lib/action_dispatch/middleware/actionable_exceptions.rb:18:in `call'
actionpack (8.0.4) lib/action_dispatch/middleware/debug_exceptions.rb:31:in `call'
actionpack (8.0.4) lib/action_dispatch/middleware/show_exceptions.rb:32:in `call'
railties (8.0.4) lib/rails/rack/logger.rb:41:in `call_app'
railties (8.0.4) lib/rails/rack/logger.rb:29:in `call'
actionpack (8.0.4) lib/action_dispatch/middleware/remote_ip.rb:96:in `call'
actionpack (8.0.4) lib/action_dispatch/middleware/request_id.rb:34:in `call'
rack (3.2.4) lib/rack/runtime.rb:24:in `call'
actionpack (8.0.4) lib/action_dispatch/middleware/server_timing.rb:61:in `block in call'
actionpack (8.0.4) lib/action_dispatch/middleware/server_timing.rb:26:in `collect_events'
actionpack (8.0.4) lib/action_dispatch/middleware/server_timing.rb:60:in `call'
actionpack (8.0.4) lib/action_dispatch/middleware/executor.rb:16:in `call'
actionpack (8.0.4) lib/action_dispatch/middleware/static.rb:27:in `call'
rack (3.2.4) lib/rack/sendfile.rb:131:in `call'
actionpack (8.0.4) lib/action_dispatch/middleware/host_authorization.rb:143:in `call'
railties (8.0.4) lib/rails/engine.rb:535:in `call'
puma (7.1.0) lib/puma/configuration.rb:300:in `call'
puma (7.1.0) lib/puma/request.rb:101:in `block in handle_request'
puma (7.1.0) lib/puma/thread_pool.rb:355:in `with_force_shutdown'
puma (7.1.0) lib/puma/request.rb:100:in `handle_request'
puma (7.1.0) lib/puma/server.rb:503:in `process_client'
puma (7.1.0) lib/puma/server.rb:262:in `block in run'
puma (7.1.0) lib/puma/thread_pool.rb:182:in `block in spawn_thread'
Started GET "/api/v1/items" for 127.0.0.1 at 2025-11-16 14:09:03 +0200
  [1m[36mActiveRecord::SchemaMigration Load (2.1ms)[0m  [1m[34mSELECT "schema_migrations"."version" FROM "schema_migrations" ORDER BY "schema_migrations"."version" ASC /*application='SwapGoods'*/[0m
Processing by Api::V1::ItemsController#index as */*
  [1m[36mItem Load (63.5ms)[0m  [1m[34mSELECT "items".* FROM "items" /*action='index',application='SwapGoods',controller='items'*/[0m
  ↳ app/controllers/api/v1/items_controller.rb:7:in `index'
Completed 500 Internal Server Error in 337ms (ActiveRecord: 120.4ms (1 query, 0 cached) | GC: 5.6ms)


  
NoMethodError (undefined method `descripton' for #<Item id: 2, name: "first itme", description: "my descripti ", status: "pending", created_at: "2025-11-16 11:44:59.473138000 +0000", updated_at: "2025-11-16 11:44:59.473138000 +0000", user_id: 4>):
  
app/controllers/api/v1/items_controller.rb:7:in `index'
  [1m[36mActiveRecord::SchemaMigration Load (1.6ms)[0m  [1m[34mSELECT "schema_migrations"."version" FROM "schema_migrations" ORDER BY "schema_migrations"."version" ASC /*application='SwapGoods'*/[0m
  [1m[36mUser Load (60.9ms)[0m  [1m[34mSELECT "users".* FROM "users" /* loading for pp */ LIMIT 11 /*application='SwapGoods'*/[0m
Started POST "/api/v1/auth/login" for 127.0.0.1 at 2025-11-17 12:34:12 +0200
  [1m[36mActiveRecord::SchemaMigration Load (2.7ms)[0m  [1m[34mSELECT "schema_migrations"."version" FROM "schema_migrations" ORDER BY "schema_migrations"."version" ASC /*application='SwapGoods'*/[0m
Processing by Api::V1::AuthController#login as */*
  Parameters: {"user"=>{"username"=>"manar", "password"=>"[FILTERED]"}, "auth"=>{"user"=>{"username"=>"manar", "password"=>"[FILTERED]"}}}
  [1m[36mUser Load (1.4ms)[0m  [1m[34mSELECT "users".* FROM "users" WHERE "users"."username" = 'manar' LIMIT 1 /*action='login',application='SwapGoods',controller='auth'*/[0m
  ↳ app/services/authentication/login_service.rb:4:in `call'
Completed 401 Unauthorized in 1407ms (Views: 0.6ms | ActiveRecord: 46.0ms (1 query, 0 cached) | GC: 0.5ms)


Started POST "/api/v1/auth/login" for 127.0.0.1 at 2025-11-17 12:34:34 +0200
Processing by Api::V1::AuthController#login as */*
  Parameters: {"user"=>{"username"=>"azooz", "password"=>"[FILTERED]"}, "auth"=>{"user"=>{"username"=>"azooz", "password"=>"[FILTERED]"}}}
  [1m[36mUser Load (5.2ms)[0m  [1m[34mSELECT "users".* FROM "users" WHERE "users"."username" = 'azooz' LIMIT 1 /*action='login',application='SwapGoods',controller='auth'*/[0m
  ↳ app/services/authentication/login_service.rb:4:in `call'
Completed 200 OK in 1032ms (Views: 0.3ms | ActiveRecord: 5.1ms (1 query, 0 cached) | GC: 0.0ms)


Started GET "/api/v1/auth/me" for 127.0.0.1 at 2025-11-17 12:35:14 +0200
Processing by Api::V1::AuthController#me as */*
  [1m[36mUser Load (2.2ms)[0m  [1m[34mSELECT "users".* FROM "users" WHERE "users"."id" = 2 LIMIT 1 /*action='me',application='SwapGoods',controller='auth'*/[0m
  ↳ app/controllers/application_controller.rb:21:in `authenticate_user'
Completed 200 OK in 25ms (Views: 0.3ms | ActiveRecord: 2.2ms (1 query, 0 cached) | GC: 0.0ms)


Started GET "/api/v1/items" for 127.0.0.1 at 2025-11-17 12:35:30 +0200
Processing by Api::V1::ItemsController#index as */*
  [1m[36mItem Load (6.1ms)[0m  [1m[34mSELECT "items".* FROM "items" /*action='index',application='SwapGoods',controller='items'*/[0m
  ↳ app/controllers/api/v1/items_controller.rb:7:in `index'
Completed 500 Internal Server Error in 111ms (ActiveRecord: 16.6ms (1 query, 0 cached) | GC: 0.0ms)


  
NoMethodError (undefined method `descripton' for #<Item id: 2, name: "first itme", description: "my descripti ", status: "pending", created_at: "2025-11-16 11:44:59.473138000 +0000", updated_at: "2025-11-16 11:44:59.473138000 +0000", user_id: 4>):
  
app/controllers/api/v1/items_controller.rb:7:in `index'
Started GET "/api/v1/items" for 127.0.0.1 at 2025-11-17 12:37:35 +0200
  [1m[36mActiveRecord::SchemaMigration Load (3.8ms)[0m  [1m[34mSELECT "schema_migrations"."version" FROM "schema_migrations" ORDER BY "schema_migrations"."version" ASC /*application='SwapGoods'*/[0m
Processing by Api::V1::ItemsController#index as */*
  [1m[36mItem Load (76.9ms)[0m  [1m[34mSELECT "items".* FROM "items" /*action='index',application='SwapGoods',controller='items'*/[0m
  ↳ app/controllers/api/v1/items_controller.rb:7:in `index'
Completed 500 Internal Server Error in 338ms (ActiveRecord: 123.4ms (1 query, 0 cached) | GC: 0.5ms)


  
NoMethodError (undefined method `category' for #<Item id: 2, name: "first itme", description: "my descripti ", status: "pending", created_at: "2025-11-16 11:44:59.473138000 +0000", updated_at: "2025-11-16 11:44:59.473138000 +0000", user_id: 4>):
  
app/controllers/api/v1/items_controller.rb:7:in `index'
Started GET "/api/v1/items" for 127.0.0.1 at 2025-11-17 12:37:44 +0200
Processing by Api::V1::ItemsController#index as */*
  [1m[36mItem Load (2.4ms)[0m  [1m[34mSELECT "items".* FROM "items" /*action='index',application='SwapGoods',controller='items'*/[0m
  ↳ app/controllers/api/v1/items_controller.rb:7:in `index'
Completed 500 Internal Server Error in 28ms (ActiveRecord: 2.4ms (1 query, 0 cached) | GC: 0.0ms)


  
NoMethodError (undefined method `category' for #<Item id: 2, name: "first itme", description: "my descripti ", status: "pending", created_at: "2025-11-16 11:44:59.473138000 +0000", updated_at: "2025-11-16 11:44:59.473138000 +0000", user_id: 4>):
  
app/controllers/api/v1/items_controller.rb:7:in `index'
  [1m[36mActiveRecord::SchemaMigration Load (1.3ms)[0m  [1m[34mSELECT "schema_migrations"."version" FROM "schema_migrations" ORDER BY "schema_migrations"."version" ASC /*application='SwapGoods'*/[0m
  [1m[35m (0.9ms)[0m  [1m[34mSELECT pg_try_advisory_lock(2883267396278098725) /*application='SwapGoods'*/[0m
  [1m[36mActiveRecord::SchemaMigration Load (1.1ms)[0m  [1m[34mSELECT "schema_migrations"."version" FROM "schema_migrations" ORDER BY "schema_migrations"."version" ASC /*application='SwapGoods'*/[0m
  [1m[36mActiveRecord::InternalMetadata Load (4.2ms)[0m  [1m[34mSELECT * FROM "ar_internal_metadata" WHERE "ar_internal_metadata"."key" = 'environment' ORDER BY "ar_internal_metadata"."key" ASC LIMIT 1 /*application='SwapGoods'*/[0m
  [1m[35m (0.4ms)[0m  [1m[34mSELECT pg_advisory_unlock(2883267396278098725) /*application='SwapGoods'*/[0m
  [1m[36mActiveRecord::SchemaMigration Load (0.2ms)[0m  [1m[34mSELECT "schema_migrations"."version" FROM "schema_migrations" ORDER BY "schema_migrations"."version" ASC /*application='SwapGoods'*/[0m
  [1m[36mActiveRecord::SchemaMigration Load (1.1ms)[0m  [1m[34mSELECT "schema_migrations"."version" FROM "schema_migrations" ORDER BY "schema_migrations"."version" ASC /*application='SwapGoods'*/[0m
  [1m[36mActiveRecord::SchemaMigration Load (0.6ms)[0m  [1m[34mSELECT "schema_migrations"."version" FROM "schema_migrations" ORDER BY "schema_migrations"."version" ASC /*application='SwapGoods'*/[0m
  [1m[36mActiveRecord::SchemaMigration Load (0.3ms)[0m  [1m[34mSELECT "schema_migrations"."version" FROM "schema_migrations" ORDER BY "schema_migrations"."version" ASC /*application='SwapGoods'*/[0m
  [1m[35m (0.2ms)[0m  [1m[34mSELECT pg_try_advisory_lock(2883267396278098725) /*application='SwapGoods'*/[0m
  [1m[36mActiveRecord::SchemaMigration Load (0.4ms)[0m  [1m[34mSELECT "schema_migrations"."version" FROM "schema_migrations" ORDER BY "schema_migrations"."version" ASC /*application='SwapGoods'*/[0m
Reverting CreateItemCategories (20251116113208)
  [1m[36mTRANSACTION (0.3ms)[0m  [1m[35mBEGIN /*application='SwapGoods'*/[0m
  [1m[35m (17.7ms)[0m  [1m[35mDROP TABLE "item_categories" /*application='SwapGoods'*/[0m
  [1m[36mActiveRecord::SchemaMigration Destroy (1.7ms)[0m  [1m[31mDELETE FROM "schema_migrations" WHERE "schema_migrations"."version" = '20251116113208' /*application='SwapGoods'*/[0m
  [1m[36mTRANSACTION (2.3ms)[0m  [1m[35mCOMMIT /*application='SwapGoods'*/[0m
  [1m[35m (0.6ms)[0m  [1m[34mSELECT pg_advisory_unlock(2883267396278098725) /*application='SwapGoods'*/[0m
  [1m[36mActiveRecord::SchemaMigration Load (0.6ms)[0m  [1m[34mSELECT "schema_migrations"."version" FROM "schema_migrations" ORDER BY "schema_migrations"."version" ASC /*application='SwapGoods'*/[0m
  [1m[36mActiveRecord::SchemaMigration Load (1.1ms)[0m  [1m[34mSELECT "schema_migrations"."version" FROM "schema_migrations" ORDER BY "schema_migrations"."version" ASC /*application='SwapGoods'*/[0m
  [1m[36mActiveRecord::SchemaMigration Load (0.6ms)[0m  [1m[34mSELECT "schema_migrations"."version" FROM "schema_migrations" ORDER BY "schema_migrations"."version" ASC /*application='SwapGoods'*/[0m
  [1m[36mActiveRecord::SchemaMigration Load (0.3ms)[0m  [1m[34mSELECT "schema_migrations"."version" FROM "schema_migrations" ORDER BY "schema_migrations"."version" ASC /*application='SwapGoods'*/[0m
  [1m[35m (0.2ms)[0m  [1m[34mSELECT pg_try_advisory_lock(2883267396278098725) /*application='SwapGoods'*/[0m
  [1m[36mActiveRecord::SchemaMigration Load (0.3ms)[0m  [1m[34mSELECT "schema_migrations"."version" FROM "schema_migrations" ORDER BY "schema_migrations"."version" ASC /*application='SwapGoods'*/[0m
Reverting CreateCategories (20251116113124)
  [1m[36mTRANSACTION (0.3ms)[0m  [1m[35mBEGIN /*application='SwapGoods'*/[0m
  [1m[35m (6.6ms)[0m  [1m[35mDROP TABLE "categories" /*application='SwapGoods'*/[0m
  [1m[36mActiveRecord::SchemaMigration Destroy (1.2ms)[0m  [1m[31mDELETE FROM "schema_migrations" WHERE "schema_migrations"."version" = '20251116113124' /*application='SwapGoods'*/[0m
  [1m[36mTRANSACTION (4.1ms)[0m  [1m[35mCOMMIT /*application='SwapGoods'*/[0m
  [1m[35m (5.0ms)[0m  [1m[34mSELECT pg_advisory_unlock(2883267396278098725) /*application='SwapGoods'*/[0m
  [1m[36mActiveRecord::SchemaMigration Load (0.5ms)[0m  [1m[34mSELECT "schema_migrations"."version" FROM "schema_migrations" ORDER BY "schema_migrations"."version" ASC /*application='SwapGoods'*/[0m
  [1m[35m (0.3ms)[0m  [1m[34mSELECT pg_try_advisory_lock(2883267396278098725) /*application='SwapGoods'*/[0m
  [1m[36mActiveRecord::SchemaMigration Load (1.1ms)[0m  [1m[34mSELECT "schema_migrations"."version" FROM "schema_migrations" ORDER BY "schema_migrations"."version" ASC /*application='SwapGoods'*/[0m
  [1m[36mActiveRecord::InternalMetadata Load (1.6ms)[0m  [1m[34mSELECT * FROM "ar_internal_metadata" WHERE "ar_internal_metadata"."key" = 'environment' ORDER BY "ar_internal_metadata"."key" ASC LIMIT 1 /*application='SwapGoods'*/[0m
Migrating to CreateCategories (20251116113124)
  [1m[36mTRANSACTION (0.3ms)[0m  [1m[35mBEGIN /*application='SwapGoods'*/[0m
  [1m[35m (21.1ms)[0m  [1m[35mCREATE TABLE "categories" ("id" bigserial primary key, "name" integer, "created_at" timestamp(6) NOT NULL, "updated_at" timestamp(6) NOT NULL) /*application='SwapGoods'*/[0m
  [1m[36mActiveRecord::SchemaMigration Create (0.6ms)[0m  [1m[32mINSERT INTO "schema_migrations" ("version") VALUES ('20251116113124') RETURNING "version" /*application='SwapGoods'*/[0m
  [1m[36mTRANSACTION (6.9ms)[0m  [1m[35mCOMMIT /*application='SwapGoods'*/[0m
Migrating to CreateItemCategories (20251116113208)
  [1m[36mTRANSACTION (0.3ms)[0m  [1m[35mBEGIN /*application='SwapGoods'*/[0m
  [1m[35m (9.6ms)[0m  [1m[35mCREATE TABLE "item_categories" ("id" bigserial primary key, "item_id" bigint NOT NULL, "category_id" bigint NOT NULL, "created_at" timestamp(6) NOT NULL, "updated_at" timestamp(6) NOT NULL, CONSTRAINT "fk_rails_190ad12f53"
FOREIGN KEY ("item_id")
  REFERENCES "items" ("id")
, CONSTRAINT "fk_rails_fdf7b0e423"
FOREIGN KEY ("category_id")
  REFERENCES "categories" ("id")
) /*application='SwapGoods'*/[0m
  [1m[35m (2.8ms)[0m  [1m[35mCREATE INDEX "index_item_categories_on_item_id" ON "item_categories" ("item_id") /*application='SwapGoods'*/[0m
  [1m[35m (3.9ms)[0m  [1m[35mCREATE INDEX "index_item_categories_on_category_id" ON "item_categories" ("category_id") /*application='SwapGoods'*/[0m
  [1m[36mActiveRecord::SchemaMigration Create (0.5ms)[0m  [1m[32mINSERT INTO "schema_migrations" ("version") VALUES ('20251116113208') RETURNING "version" /*application='SwapGoods'*/[0m
  [1m[36mTRANSACTION (1.1ms)[0m  [1m[35mCOMMIT /*application='SwapGoods'*/[0m
  [1m[35m (0.8ms)[0m  [1m[34mSELECT pg_advisory_unlock(2883267396278098725) /*application='SwapGoods'*/[0m
  [1m[36mActiveRecord::SchemaMigration Load (2.9ms)[0m  [1m[34mSELECT "schema_migrations"."version" FROM "schema_migrations" ORDER BY "schema_migrations"."version" ASC /*application='SwapGoods'*/[0m
  [1m[36mActiveRecord::SchemaMigration Load (1.2ms)[0m  [1m[34mSELECT "schema_migrations"."version" FROM "schema_migrations" ORDER BY "schema_migrations"."version" ASC /*application='SwapGoods'*/[0m
  [1m[36mActiveRecord::SchemaMigration Load (0.7ms)[0m  [1m[34mSELECT "schema_migrations"."version" FROM "schema_migrations" ORDER BY "schema_migrations"."version" ASC /*application='SwapGoods'*/[0m
  [1m[36mActiveRecord::SchemaMigration Load (0.3ms)[0m  [1m[34mSELECT "schema_migrations"."version" FROM "schema_migrations" ORDER BY "schema_migrations"."version" ASC /*application='SwapGoods'*/[0m
  [1m[35m (0.7ms)[0m  [1m[34mSELECT pg_try_advisory_lock(2883267396278098725) /*application='SwapGoods'*/[0m
  [1m[36mActiveRecord::SchemaMigration Load (0.3ms)[0m  [1m[34mSELECT "schema_migrations"."version" FROM "schema_migrations" ORDER BY "schema_migrations"."version" ASC /*application='SwapGoods'*/[0m
Reverting CreateItemCategories (20251116113208)
  [1m[36mTRANSACTION (0.2ms)[0m  [1m[35mBEGIN /*application='SwapGoods'*/[0m
  [1m[35m (8.2ms)[0m  [1m[35mDROP TABLE "item_categories" /*application='SwapGoods'*/[0m
  [1m[36mActiveRecord::SchemaMigration Destroy (1.9ms)[0m  [1m[31mDELETE FROM "schema_migrations" WHERE "schema_migrations"."version" = '20251116113208' /*application='SwapGoods'*/[0m
  [1m[36mTRANSACTION (6.1ms)[0m  [1m[35mCOMMIT /*application='SwapGoods'*/[0m
  [1m[35m (0.5ms)[0m  [1m[34mSELECT pg_advisory_unlock(2883267396278098725) /*application='SwapGoods'*/[0m
  [1m[36mActiveRecord::SchemaMigration Load (0.2ms)[0m  [1m[34mSELECT "schema_migrations"."version" FROM "schema_migrations" ORDER BY "schema_migrations"."version" ASC /*application='SwapGoods'*/[0m
  [1m[36mActiveRecord::SchemaMigration Load (1.4ms)[0m  [1m[34mSELECT "schema_migrations"."version" FROM "schema_migrations" ORDER BY "schema_migrations"."version" ASC /*application='SwapGoods'*/[0m
  [1m[36mActiveRecord::SchemaMigration Load (0.6ms)[0m  [1m[34mSELECT "schema_migrations"."version" FROM "schema_migrations" ORDER BY "schema_migrations"."version" ASC /*application='SwapGoods'*/[0m
  [1m[36mActiveRecord::SchemaMigration Load (0.4ms)[0m  [1m[34mSELECT "schema_migrations"."version" FROM "schema_migrations" ORDER BY "schema_migrations"."version" ASC /*application='SwapGoods'*/[0m
  [1m[35m (0.4ms)[0m  [1m[34mSELECT pg_try_advisory_lock(2883267396278098725) /*application='SwapGoods'*/[0m
  [1m[36mActiveRecord::SchemaMigration Load (0.4ms)[0m  [1m[34mSELECT "schema_migrations"."version" FROM "schema_migrations" ORDER BY "schema_migrations"."version" ASC /*application='SwapGoods'*/[0m
Reverting CreateCategories (20251116113124)
  [1m[36mTRANSACTION (0.7ms)[0m  [1m[35mBEGIN /*application='SwapGoods'*/[0m
  [1m[35m (5.7ms)[0m  [1m[35mDROP TABLE "categories" /*application='SwapGoods'*/[0m
  [1m[36mActiveRecord::SchemaMigration Destroy (1.3ms)[0m  [1m[31mDELETE FROM "schema_migrations" WHERE "schema_migrations"."version" = '20251116113124' /*application='SwapGoods'*/[0m
  [1m[36mTRANSACTION (3.8ms)[0m  [1m[35mCOMMIT /*application='SwapGoods'*/[0m
  [1m[35m (1.4ms)[0m  [1m[34mSELECT pg_advisory_unlock(2883267396278098725) /*application='SwapGoods'*/[0m
  [1m[36mActiveRecord::SchemaMigration Load (0.3ms)[0m  [1m[34mSELECT "schema_migrations"."version" FROM "schema_migrations" ORDER BY "schema_migrations"."version" ASC /*application='SwapGoods'*/[0m
  [1m[35m (0.3ms)[0m  [1m[34mSELECT pg_try_advisory_lock(2883267396278098725) /*application='SwapGoods'*/[0m
  [1m[36mActiveRecord::SchemaMigration Load (1.1ms)[0m  [1m[34mSELECT "schema_migrations"."version" FROM "schema_migrations" ORDER BY "schema_migrations"."version" ASC /*application='SwapGoods'*/[0m
  [1m[36mActiveRecord::InternalMetadata Load (1.5ms)[0m  [1m[34mSELECT * FROM "ar_internal_metadata" WHERE "ar_internal_metadata"."key" = 'environment' ORDER BY "ar_internal_metadata"."key" ASC LIMIT 1 /*application='SwapGoods'*/[0m
Migrating to CreateCategories (20251116113124)
  [1m[36mTRANSACTION (0.2ms)[0m  [1m[35mBEGIN /*application='SwapGoods'*/[0m
  [1m[35m (22.1ms)[0m  [1m[35mCREATE TABLE "categories" ("id" bigserial primary key, "name" character varying, "created_at" timestamp(6) NOT NULL, "updated_at" timestamp(6) NOT NULL) /*application='SwapGoods'*/[0m
  [1m[36mActiveRecord::SchemaMigration Create (0.5ms)[0m  [1m[32mINSERT INTO "schema_migrations" ("version") VALUES ('20251116113124') RETURNING "version" /*application='SwapGoods'*/[0m
  [1m[36mTRANSACTION (1.9ms)[0m  [1m[35mCOMMIT /*application='SwapGoods'*/[0m
Migrating to CreateItemCategories (20251116113208)
  [1m[36mTRANSACTION (1.2ms)[0m  [1m[35mBEGIN /*application='SwapGoods'*/[0m
  [1m[35m (13.3ms)[0m  [1m[35mCREATE TABLE "item_categories" ("id" bigserial primary key, "item_id" bigint NOT NULL, "category_id" bigint NOT NULL, "created_at" timestamp(6) NOT NULL, "updated_at" timestamp(6) NOT NULL, CONSTRAINT "fk_rails_190ad12f53"
FOREIGN KEY ("item_id")
  REFERENCES "items" ("id")
, CONSTRAINT "fk_rails_fdf7b0e423"
FOREIGN KEY ("category_id")
  REFERENCES "categories" ("id")
) /*application='SwapGoods'*/[0m
  [1m[35m (3.7ms)[0m  [1m[35mCREATE INDEX "index_item_categories_on_item_id" ON "item_categories" ("item_id") /*application='SwapGoods'*/[0m
  [1m[35m (5.4ms)[0m  [1m[35mCREATE INDEX "index_item_categories_on_category_id" ON "item_categories" ("category_id") /*application='SwapGoods'*/[0m
  [1m[36mActiveRecord::SchemaMigration Create (3.5ms)[0m  [1m[32mINSERT INTO "schema_migrations" ("version") VALUES ('20251116113208') RETURNING "version" /*application='SwapGoods'*/[0m
  [1m[36mTRANSACTION (1.5ms)[0m  [1m[35mCOMMIT /*application='SwapGoods'*/[0m
  [1m[35m (0.6ms)[0m  [1m[34mSELECT pg_advisory_unlock(2883267396278098725) /*application='SwapGoods'*/[0m
  [1m[36mActiveRecord::SchemaMigration Load (1.4ms)[0m  [1m[34mSELECT "schema_migrations"."version" FROM "schema_migrations" ORDER BY "schema_migrations"."version" ASC /*application='SwapGoods'*/[0m
  [1m[36mCACHE ActiveRecord::SchemaMigration Load (0.1ms)[0m  [1m[34mSELECT "schema_migrations"."version" FROM "schema_migrations" ORDER BY "schema_migrations"."version" ASC[0m
  [1m[35m (0.2ms)[0m  [1m[34mSELECT pg_try_advisory_lock(2883267396278098725) /*application='SwapGoods'*/[0m
  [1m[36mActiveRecord::SchemaMigration Load (1.1ms)[0m  [1m[34mSELECT "schema_migrations"."version" FROM "schema_migrations" ORDER BY "schema_migrations"."version" ASC /*application='SwapGoods'*/[0m
  [1m[36mActiveRecord::InternalMetadata Load (4.2ms)[0m  [1m[34mSELECT * FROM "ar_internal_metadata" WHERE "ar_internal_metadata"."key" = 'environment' ORDER BY "ar_internal_metadata"."key" ASC LIMIT 1 /*application='SwapGoods'*/[0m
Migrating to RenameNameToCategoryNameInCategories (20251120160659)
  [1m[36mTRANSACTION (0.2ms)[0m  [1m[35mBEGIN /*application='SwapGoods'*/[0m
  [1m[35m (11.9ms)[0m  [1m[35mALTER TABLE "categories" RENAME COLUMN "name" TO "category_name" /*application='SwapGoods'*/[0m
  [1m[36mActiveRecord::SchemaMigration Create (0.9ms)[0m  [1m[32mINSERT INTO "schema_migrations" ("version") VALUES ('20251120160659') RETURNING "version" /*application='SwapGoods'*/[0m
  [1m[36mTRANSACTION (1.6ms)[0m  [1m[35mCOMMIT /*application='SwapGoods'*/[0m
  [1m[35m (1.8ms)[0m  [1m[34mSELECT pg_advisory_unlock(2883267396278098725) /*application='SwapGoods'*/[0m
  [1m[36mActiveRecord::SchemaMigration Load (0.5ms)[0m  [1m[34mSELECT "schema_migrations"."version" FROM "schema_migrations" ORDER BY "schema_migrations"."version" ASC /*application='SwapGoods'*/[0m
  [1m[36mItem Load (23.6ms)[0m  [1m[34mSELECT "items".* FROM "items" /* loading for pp */ LIMIT 11 /*application='SwapGoods'*/[0m
  [1m[36mItem Load (2.6ms)[0m  [1m[34mSELECT "items".* FROM "items" WHERE "items"."status" = 1 /* loading for pp */ LIMIT 11 /*application='SwapGoods'*/[0m
  [1m[36mItem Load (0.9ms)[0m  [1m[34mSELECT "items".* FROM "items" ORDER BY "items"."id" ASC LIMIT 1 /*application='SwapGoods'*/[0m
  [1m[36mCategory Load (1.7ms)[0m  [1m[34mSELECT "categories".* FROM "categories" WHERE "categories"."category_name" = 'electronics' /* loading for pp */ LIMIT 11 /*application='SwapGoods'*/[0m
  [1m[36mCategory Load (0.9ms)[0m  [1m[34mSELECT "categories".* FROM "categories" /* loading for pp */ LIMIT 11 /*application='SwapGoods'*/[0m
  [1m[36mItem Load (1.1ms)[0m  [1m[34mSELECT "items".* FROM "items" ORDER BY "items"."id" ASC LIMIT 1 /*application='SwapGoods'*/[0m
  [1m[36mCategory Load (2.1ms)[0m  [1m[34mSELECT "categories".* FROM "categories" INNER JOIN "item_categories" ON "categories"."id" = "item_categories"."category_id" WHERE "item_categories"."item_id" = 2 /* loading for pp */ LIMIT 11 /*application='SwapGoods'*/[0m
  [1m[36mItem Load (1.8ms)[0m  [1m[34mSELECT "items".* FROM "items" ORDER BY "items"."id" ASC LIMIT 1 /*application='SwapGoods'*/[0m
  [1m[36mCategory Load (1.0ms)[0m  [1m[34mSELECT "categories".* FROM "categories" INNER JOIN "item_categories" ON "categories"."id" = "item_categories"."category_id" WHERE "item_categories"."item_id" = 2 /* loading for inspect */ LIMIT 11 /*application='SwapGoods'*/[0m
  [1m[36mCategory Load (4.5ms)[0m  [1m[34mSELECT "categories".* FROM "categories" INNER JOIN "item_categories" ON "categories"."id" = "item_categories"."category_id" WHERE "item_categories"."item_id" = 2 /* loading for inspect */ LIMIT 11 /*application='SwapGoods'*/[0m
  [1m[36mItem Load (0.8ms)[0m  [1m[34mSELECT "items".* FROM "items" ORDER BY "items"."id" ASC LIMIT 1 /*application='SwapGoods'*/[0m
  [1m[36mCategory Load (0.5ms)[0m  [1m[34mSELECT "categories".* FROM "categories" WHERE "categories"."category_name" = 'electronics' /*application='SwapGoods'*/[0m
  [1m[36mCategory Load (1.0ms)[0m  [1m[34mSELECT "categories".* FROM "categories" INNER JOIN "item_categories" ON "categories"."id" = "item_categories"."category_id" WHERE "item_categories"."item_id" = 2 /* loading for pp */ LIMIT 11 /*application='SwapGoods'*/[0m
  [1m[36mItem Load (0.7ms)[0m  [1m[34mSELECT "items".* FROM "items" ORDER BY "items"."id" ASC LIMIT 1 /*application='SwapGoods'*/[0m
  [1m[36mCategory Load (0.6ms)[0m  [1m[34mSELECT "categories".* FROM "categories" WHERE "categories"."category_name" = 'books' /*application='SwapGoods'*/[0m
  [1m[36mCategory Load (1.1ms)[0m  [1m[34mSELECT "categories".* FROM "categories" INNER JOIN "item_categories" ON "categories"."id" = "item_categories"."category_id" WHERE "item_categories"."item_id" = 2 /* loading for pp */ LIMIT 11 /*application='SwapGoods'*/[0m
  [1m[36mItem Load (0.7ms)[0m  [1m[34mSELECT "items".* FROM "items" ORDER BY "items"."id" ASC LIMIT 1 /*application='SwapGoods'*/[0m
  [1m[36mCategory Load (2.0ms)[0m  [1m[34mSELECT "categories".* FROM "categories" INNER JOIN "item_categories" ON "categories"."id" = "item_categories"."category_id" WHERE "item_categories"."item_id" = 2 /* loading for pp */ LIMIT 11 /*application='SwapGoods'*/[0m
  [1m[36mCategory Load (0.5ms)[0m  [1m[34mSELECT "categories".* FROM "categories" /* loading for pp */ LIMIT 11 /*application='SwapGoods'*/[0m
  [1m[36mTRANSACTION (0.3ms)[0m  [1m[35mBEGIN /*application='SwapGoods'*/[0m
  [1m[36mCategory Create (7.4ms)[0m  [1m[32mINSERT INTO "categories" ("category_name", "created_at", "updated_at") VALUES ('books', '2025-11-20 16:21:25.047327', '2025-11-20 16:21:25.047327') RETURNING "id" /*application='SwapGoods'*/[0m
  [1m[36mTRANSACTION (1.6ms)[0m  [1m[35mCOMMIT /*application='SwapGoods'*/[0m
  [1m[36mItem Load (0.8ms)[0m  [1m[34mSELECT "items".* FROM "items" ORDER BY "items"."id" ASC LIMIT 1 /*application='SwapGoods'*/[0m
  [1m[36mCategory Load (0.9ms)[0m  [1m[34mSELECT "categories".* FROM "categories" INNER JOIN "item_categories" ON "categories"."id" = "item_categories"."category_id" WHERE "item_categories"."item_id" = 2 /* loading for inspect */ LIMIT 11 /*application='SwapGoods'*/[0m
  [1m[36mCategory Load (0.7ms)[0m  [1m[34mSELECT "categories".* FROM "categories" INNER JOIN "item_categories" ON "categories"."id" = "item_categories"."category_id" WHERE "item_categories"."item_id" = 2 /* loading for inspect */ LIMIT 11 /*application='SwapGoods'*/[0m
  [1m[36mItem Load (0.6ms)[0m  [1m[34mSELECT "items".* FROM "items" ORDER BY "items"."id" ASC LIMIT 1 /*application='SwapGoods'*/[0m
  [1m[36mCategory Load (0.5ms)[0m  [1m[34mSELECT "categories".* FROM "categories" WHERE "categories"."category_name" = 'books' /*application='SwapGoods'*/[0m
  [1m[36mTRANSACTION (0.9ms)[0m  [1m[35mBEGIN /*application='SwapGoods'*/[0m
  [1m[36mItemCategory Create (2.8ms)[0m  [1m[32mINSERT INTO "item_categories" ("item_id", "category_id", "created_at", "updated_at") VALUES (2, 1, '2025-11-20 16:21:57.002485', '2025-11-20 16:21:57.002485') RETURNING "id" /*application='SwapGoods'*/[0m
  [1m[36mTRANSACTION (1.4ms)[0m  [1m[35mCOMMIT /*application='SwapGoods'*/[0m
  [1m[36mCategory Load (0.8ms)[0m  [1m[34mSELECT "categories".* FROM "categories" INNER JOIN "item_categories" ON "categories"."id" = "item_categories"."category_id" WHERE "item_categories"."item_id" = 2 /* loading for pp */ LIMIT 11 /*application='SwapGoods'*/[0m
  [1m[36mItem Load (0.6ms)[0m  [1m[34mSELECT "items".* FROM "items" ORDER BY "items"."id" ASC LIMIT 1 /*application='SwapGoods'*/[0m
  [1m[36mTRANSACTION (0.4ms)[0m  [1m[35mBEGIN /*application='SwapGoods'*/[0m
  [1m[36mCategory Create (1.8ms)[0m  [1m[32mINSERT INTO "categories" ("category_name", "created_at", "updated_at") VALUES ('electronics', '2025-11-20 16:22:19.685870', '2025-11-20 16:22:19.685870') RETURNING "id" /*application='SwapGoods'*/[0m
  [1m[36mTRANSACTION (5.6ms)[0m  [1m[35mCOMMIT /*application='SwapGoods'*/[0m
  [1m[36mTRANSACTION (0.9ms)[0m  [1m[35mBEGIN /*application='SwapGoods'*/[0m
  [1m[36mItemCategory Create (3.7ms)[0m  [1m[32mINSERT INTO "item_categories" ("item_id", "category_id", "created_at", "updated_at") VALUES (2, 2, '2025-11-20 16:22:19.702704', '2025-11-20 16:22:19.702704') RETURNING "id" /*application='SwapGoods'*/[0m
  [1m[36mTRANSACTION (1.4ms)[0m  [1m[35mCOMMIT /*application='SwapGoods'*/[0m
  [1m[36mCategory Load (0.9ms)[0m  [1m[34mSELECT "categories".* FROM "categories" INNER JOIN "item_categories" ON "categories"."id" = "item_categories"."category_id" WHERE "item_categories"."item_id" = 2 /* loading for pp */ LIMIT 11 /*application='SwapGoods'*/[0m
  [1m[36mItem Load (0.6ms)[0m  [1m[34mSELECT "items".* FROM "items" ORDER BY "items"."id" ASC LIMIT 1 /*application='SwapGoods'*/[0m
  [1m[36mCategory Load (1.5ms)[0m  [1m[34mSELECT "categories".* FROM "categories" INNER JOIN "item_categories" ON "categories"."id" = "item_categories"."category_id" WHERE "item_categories"."item_id" = 2 /* loading for pp */ LIMIT 11 /*application='SwapGoods'*/[0m
  [1m[36mActiveRecord::SchemaMigration Load (1.4ms)[0m  [1m[34mSELECT "schema_migrations"."version" FROM "schema_migrations" ORDER BY "schema_migrations"."version" ASC /*application='SwapGoods'*/[0m
  [1m[36mActiveRecord::SchemaMigration Load (0.6ms)[0m  [1m[34mSELECT "schema_migrations"."version" FROM "schema_migrations" ORDER BY "schema_migrations"."version" ASC /*application='SwapGoods'*/[0m
  [1m[36mActiveRecord::SchemaMigration Load (0.3ms)[0m  [1m[34mSELECT "schema_migrations"."version" FROM "schema_migrations" ORDER BY "schema_migrations"."version" ASC /*application='SwapGoods'*/[0m
  [1m[35m (0.2ms)[0m  [1m[34mSELECT pg_try_advisory_lock(2883267396278098725) /*application='SwapGoods'*/[0m
  [1m[36mActiveRecord::SchemaMigration Load (0.5ms)[0m  [1m[34mSELECT "schema_migrations"."version" FROM "schema_migrations" ORDER BY "schema_migrations"."version" ASC /*application='SwapGoods'*/[0m
Reverting RenameNameToCategoryNameInCategories (20251120160659)
  [1m[36mTRANSACTION (0.2ms)[0m  [1m[35mBEGIN /*application='SwapGoods'*/[0m
  [1m[35m (6.9ms)[0m  [1m[35mALTER TABLE "categories" RENAME COLUMN "category" TO "name" /*application='SwapGoods'*/[0m
  [1m[36mTRANSACTION (0.5ms)[0m  [1m[31mROLLBACK /*application='SwapGoods'*/[0m
  [1m[35m (0.5ms)[0m  [1m[34mSELECT pg_advisory_unlock(2883267396278098725) /*application='SwapGoods'*/[0m
  [1m[36mActiveRecord::SchemaMigration Load (1.4ms)[0m  [1m[34mSELECT "schema_migrations"."version" FROM "schema_migrations" ORDER BY "schema_migrations"."version" ASC /*application='SwapGoods'*/[0m
  [1m[36mActiveRecord::SchemaMigration Load (0.7ms)[0m  [1m[34mSELECT "schema_migrations"."version" FROM "schema_migrations" ORDER BY "schema_migrations"."version" ASC /*application='SwapGoods'*/[0m
  [1m[36mActiveRecord::SchemaMigration Load (0.3ms)[0m  [1m[34mSELECT "schema_migrations"."version" FROM "schema_migrations" ORDER BY "schema_migrations"."version" ASC /*application='SwapGoods'*/[0m
  [1m[35m (0.3ms)[0m  [1m[34mSELECT pg_try_advisory_lock(2883267396278098725) /*application='SwapGoods'*/[0m
  [1m[36mActiveRecord::SchemaMigration Load (0.4ms)[0m  [1m[34mSELECT "schema_migrations"."version" FROM "schema_migrations" ORDER BY "schema_migrations"."version" ASC /*application='SwapGoods'*/[0m
Reverting RenameNameToCategoryNameInCategories (20251120160659)
  [1m[36mTRANSACTION (0.2ms)[0m  [1m[35mBEGIN /*application='SwapGoods'*/[0m
  [1m[35m (4.5ms)[0m  [1m[35mALTER TABLE "categories" RENAME COLUMN "category" TO "categroy_name" /*application='SwapGoods'*/[0m
  [1m[36mTRANSACTION (0.3ms)[0m  [1m[31mROLLBACK /*application='SwapGoods'*/[0m
  [1m[35m (0.5ms)[0m  [1m[34mSELECT pg_advisory_unlock(2883267396278098725) /*application='SwapGoods'*/[0m
  [1m[36mActiveRecord::SchemaMigration Load (1.1ms)[0m  [1m[34mSELECT "schema_migrations"."version" FROM "schema_migrations" ORDER BY "schema_migrations"."version" ASC /*application='SwapGoods'*/[0m
  [1m[36mActiveRecord::SchemaMigration Load (0.6ms)[0m  [1m[34mSELECT "schema_migrations"."version" FROM "schema_migrations" ORDER BY "schema_migrations"."version" ASC /*application='SwapGoods'*/[0m
  [1m[36mActiveRecord::SchemaMigration Load (0.2ms)[0m  [1m[34mSELECT "schema_migrations"."version" FROM "schema_migrations" ORDER BY "schema_migrations"."version" ASC /*application='SwapGoods'*/[0m
  [1m[35m (0.2ms)[0m  [1m[34mSELECT pg_try_advisory_lock(2883267396278098725) /*application='SwapGoods'*/[0m
  [1m[36mActiveRecord::SchemaMigration Load (0.3ms)[0m  [1m[34mSELECT "schema_migrations"."version" FROM "schema_migrations" ORDER BY "schema_migrations"."version" ASC /*application='SwapGoods'*/[0m
Reverting RenameNameToCategoryNameInCategories (20251120160659)
  [1m[36mTRANSACTION (0.2ms)[0m  [1m[35mBEGIN /*application='SwapGoods'*/[0m
  [1m[35m (4.0ms)[0m  [1m[35mALTER TABLE "categories" RENAME COLUMN "category" TO "name" /*application='SwapGoods'*/[0m
  [1m[36mTRANSACTION (0.3ms)[0m  [1m[31mROLLBACK /*application='SwapGoods'*/[0m
  [1m[35m (1.5ms)[0m  [1m[34mSELECT pg_advisory_unlock(2883267396278098725) /*application='SwapGoods'*/[0m
  [1m[36mCACHE ActiveRecord::SchemaMigration Load (1.4ms)[0m  [1m[34mSELECT "schema_migrations"."version" FROM "schema_migrations" ORDER BY "schema_migrations"."version" ASC[0m
  [1m[36mCACHE ActiveRecord::SchemaMigration Load (0.0ms)[0m  [1m[34mSELECT "schema_migrations"."version" FROM "schema_migrations" ORDER BY "schema_migrations"."version" ASC[0m
  [1m[36mCACHE ActiveRecord::SchemaMigration Load (0.0ms)[0m  [1m[34mSELECT "schema_migrations"."version" FROM "schema_migrations" ORDER BY "schema_migrations"."version" ASC[0m
